Customer,Time of arrival,Number of people at arrival,Which 10 min interval in day,Which day in week,Time of start of service,Departure time,Wait time,
0,69.6712,1,6,0,81.4023,102,11.7311,
1,73.3582,2,7,0,81.022,117.152,7.66379,
2,171.718,1,17,0,180.104,211.497,8.38608,
3,172.731,2,17,0,211.497,245.689,38.7664,
4,180.904,3,18,0,245.689,268.822,64.785,
5,202.777,4,20,0,268.822,291.441,66.0445,
6,209.428,5,20,0,291.441,311.106,82.0127,
7,220.892,5,22,0,311.106,343.312,90.2136,
8,295.937,3,29,0,343.312,367.616,47.3749,
9,308.511,4,30,0,367.616,390.164,59.1051,
10,308.936,5,30,0,415.841,444.944,106.905,
11,309.712,6,30,0,390.164,415.841,80.4521,
12,354.179,5,35,0,444.944,468.512,90.7653,
13,370.375,5,37,0,453.464,490.738,83.0891,
14,379.9,6,37,0,468.512,492.823,88.6124,
15,385.829,7,38,0,490.738,511.12,104.908,
16,398.519,7,39,0,511.12,535.097,112.6,
17,401.747,8,40,0,492.823,516.041,91.0757,
18,402.031,9,40,0,516.041,536.999,114.009,
19,408.125,10,40,0,535.097,557.337,126.972,
20,409.423,11,40,0,536.999,560.485,127.577,
21,421.747,11,42,0,557.337,584.592,135.59,
22,422.547,12,42,0,560.485,585.973,137.938,
23,423.299,13,42,0,585.973,624.746,162.674,
24,424.902,14,42,0,584.592,608.589,159.69,
25,453.464,14,45,0,602.986,635.24,149.521,
26,460.735,15,46,0,608.589,633.822,147.854,
27,463.849,16,46,0,621.743,626.135,157.894,
28,473.965,16,47,0,624.746,654.039,150.781,
29,480.773,17,48,0,626.135,650.152,145.362,
30,510.336,16,51,0,633.822,671.505,123.487,
31,513.616,16,51,0,635.24,671.102,121.625,
32,526.727,16,52,0,650.152,674.803,123.424,
33,533.655,17,53,0,654.039,663.652,120.384,
34,538.299,16,53,0,663.652,691.282,125.353,
35,538.972,17,53,0,671.102,698.451,132.13,
36,543.339,18,54,0,671.505,700.709,128.166,
37,548.391,19,54,0,674.803,707.811,126.412,
38,551.96,20,55,0,691.282,724.468,139.322,
39,559.867,20,55,0,698.451,724.807,138.584,
40,563.554,20,56,0,700.709,729.029,137.156,
41,565.715,21,56,0,707.811,736.127,142.096,
42,579.89,22,57,0,724.468,752.458,144.578,
43,588.876,21,58,0,724.807,752.316,135.931,
44,595.357,22,59,0,729.029,761.976,133.672,
45,602.986,23,60,0,736.127,776.797,133.142,
46,613.212,23,61,0,752.316,786.98,139.103,
47,613.799,24,61,0,761.976,799.48,148.177,
48,614.476,25,61,0,752.458,772.474,137.982,
49,626.252,24,62,0,772.474,802.18,146.222,
50,643.186,23,64,0,776.797,803.813,133.61,
51,643.903,24,64,0,786.98,804.234,143.077,
52,651.682,24,65,0,799.48,836.135,147.798,
53,657.812,24,65,0,802.18,841.531,144.368,
54,662.466,25,66,0,803.813,827.803,141.348,
55,667.165,25,66,0,804.234,844.4,137.069,
56,673.199,24,67,0,827.803,836.585,154.604,
57,681.956,24,68,0,836.135,859.225,154.179,
58,684.273,25,68,0,836.585,873.412,152.311,
59,691.881,25,69,0,841.531,863.139,149.65,
60,695.834,26,69,0,844.4,856.008,148.567,
61,725.021,22,72,0,856.008,877.688,130.987,
62,734.103,22,73,0,859.225,891.623,125.122,
63,741.235,22,74,0,863.139,892.91,121.904,
64,753.574,21,75,0,873.412,916.105,119.838,
65,754.993,22,75,0,891.623,913.613,136.63,
66,756.134,23,75,0,877.688,906.334,121.555,
67,756.339,24,75,0,873.412,910.713,117.073,
68,760.238,25,76,0,892.91,924.595,132.672,
69,762.677,25,76,0,906.334,934.472,143.657,
70,765.07,26,76,0,910.713,947.693,145.642,
71,767.862,27,76,0,913.613,941.34,145.752,
72,786.631,26,78,0,916.105,946.078,129.473,
73,793.75,26,79,0,924.595,951.753,130.846,
74,817.066,23,81,0,934.472,947.408,117.406,
75,821.908,24,82,0,941.34,964.503,119.432,
76,841.56,21,84,0,946.078,976.863,104.518,
77,873.418,17,87,0,947.408,982.899,73.9902,
78,878.828,17,87,0,947.693,977.973,68.8641,
79,881.749,18,88,0,951.753,980.198,70.0038,
80,908.525,16,90,0,964.503,981.261,55.9774,
81,914.333,15,91,0,976.863,995.016,62.5307,
82,930.93,14,93,0,977.973,989.826,47.0424,
83,939.539,14,93,0,980.198,986.783,40.6589,
84,968.056,9,96,0,982.899,1002.5,14.8428,
85,970.438,10,97,0,981.261,1015.02,10.8231,
86,981.048,8,98,0,991.831,1021.09,10.7831,
87,985.012,7,98,0,997.578,1027.21,12.566,
88,994.738,6,99,0,1004.26,1029.65,9.51807,
89,1007.21,5,100,0,1010.17,1049.75,2.96362,
90,1013.27,6,101,0,1024.57,1056.57,11.2965,
91,1018.16,6,101,0,1029.77,1032.27,11.6157,
92,1051.67,2,105,0,1060.67,1084.35,9.00354,
93,1058.05,2,105,0,1068.43,1098.58,10.3777,
94,1060.89,3,106,0,1072.98,1107.34,12.0961,
95,1078.48,4,107,0,1087.31,1125.34,8.83447,
96,1083.2,5,108,0,1091.7,1118.18,8.50208,
97,1099.49,4,109,0,1109.62,1144.55,10.1349,
98,1108.81,4,110,0,1116.52,1151.2,7.7002,
99,1150.04,2,115,0,1159.67,1165.84,9.62756,
100,1187.54,1,118,0,1198.8,1239.02,11.2646,
101,1194.05,2,119,0,1206.14,1235.11,12.0851,
102,1201.37,3,120,0,1209.63,1237.18,8.25854,
103,1206.79,4,120,0,1217.41,1235.63,10.6143,
104,1208.05,5,120,0,1235.11,1249.48,27.0658,
105,1251.18,1,125,0,1262.62,1277.22,11.4395,
106,1292.39,1,129,0,1304.65,1323.84,12.2599,
107,1343.2,1,134,0,1354.83,1383.57,11.6293,
108,1368.21,2,136,0,1377.87,1389.96,9.65466,
109,1370.71,3,137,0,1380.11,1403.24,9.40198,
110,1384.57,3,138,0,1395.3,1408.77,10.7234,
111,1426.01,1,142,0,1435.82,1461.33,9.81128,
112,1469.87,1,2,1,1479.39,1498.61,9.51904,
113,1481.18,2,4,1,1489.57,1524.82,8.38477,
114,1483.9,3,4,1,1498.61,1520.75,14.7107,
115,1575.32,1,13,1,1584.1,1606.07,8.78162,
116,1588.4,2,14,1,1634.72,1661.6,46.3185,
117,1590.01,3,15,1,1606.07,1634.72,16.0625,
118,1625.55,3,18,1,1661.6,1688.71,36.0537,
119,1799.07,1,35,1,1809.56,1833.35,10.4905,
120,1803.72,2,36,1,1859,1889.06,55.2822,
121,1803.72,3,36,1,1833.35,1859,29.6235,
122,1823.83,4,38,1,1889.06,1921.69,65.2286,
123,1835.28,4,39,1,1914.08,1955.97,78.7972,
124,1849.55,5,40,1,1921.69,1953.05,72.1377,
125,1864.28,5,42,1,1953.05,1981.64,88.7725,
126,1879.94,6,43,1,1955.97,1986.68,76.0256,
127,1914.08,6,47,1,1981.64,2004.88,67.5612,
128,1917.13,7,47,1,1986.68,2021,69.5583,
129,1944.86,7,50,1,2004.88,2039.87,60.0204,
130,1963.87,6,52,1,2021,2051.69,57.1271,
131,1973.05,7,53,1,2039.87,2062.74,66.8136,
132,1976.48,8,53,1,2049.22,2080.08,72.7496,
133,1988.45,7,54,1,2051.69,2077.91,63.2365,
134,2049.22,5,60,1,2062.74,2064.62,13.5166,
135,2051.17,6,61,1,2062.74,2097.36,11.5679,
136,2054.1,6,61,1,2064.62,2087.23,10.5195,
137,2067.18,5,62,1,2077.91,2104.67,10.7361,
138,2073.06,6,63,1,2081.98,2116.33,8.91309,
139,2096.54,4,65,1,2106.05,2129.73,9.50928,
140,2096.81,5,65,1,2106.09,2136.26,9.27808,
141,2105.75,4,66,1,2114.36,2147.37,8.61035,
142,2106.02,5,66,1,2117.13,2133.39,11.1118,
143,2113.12,6,67,1,2129.73,2158.83,16.6072,
144,2115.93,7,67,1,2133.39,2162.35,17.4504,
145,2131.57,6,69,1,2140.94,2163.61,9.37476,
146,2141.69,5,70,1,2150.31,2174.99,8.61426,
147,2145.22,6,70,1,2158.83,2195.42,13.6116,
148,2170.22,3,73,1,2179.51,2212.58,9.29761,
149,2170.24,4,73,1,2180.94,2208.63,10.7031,
150,2181.45,4,74,1,2190.53,2220.18,9.08081,
151,2190.52,5,75,1,2199.69,2223.2,9.16992,
152,2192.55,6,75,1,2208.63,2218.52,16.0784,
153,2208.4,6,76,1,2217.41,2249.4,9.00513,
154,2224.2,2,78,1,2230.96,2250.05,6.76807,
155,2238.12,3,79,1,2248.13,2278.75,10.0129,
156,2240.45,4,80,1,2249.02,2285.53,8.56714,
157,2250.25,3,81,1,2258.96,2293.69,8.71338,
158,2277.19,4,83,1,2286.47,2298.18,9.28467,
159,2305.64,1,86,1,2314.24,2346.28,8.60693,
160,2318.46,2,87,1,2327.51,2345.14,9.05347,
161,2338.27,3,89,1,2348.33,2359.32,10.0576,
162,2346.8,2,90,1,2356.67,2396.74,9.87061,
163,2348.08,3,90,1,2358.1,2396.6,10.0203,
164,2349.11,4,90,1,2357.36,2394.91,8.24805,
165,2373.12,4,93,1,2381.97,2414.42,8.85718,
166,2374.94,5,93,1,2394.91,2424.17,19.9697,
167,2375.56,6,93,1,2384.61,2414.16,9.04785,
168,2392.36,7,95,1,2403.93,2414.44,11.5625,
169,2405.05,5,96,1,2415.23,2444.33,10.1868,
170,2412.17,6,97,1,2423.14,2437.94,10.9734,
171,2416.66,4,97,1,2427.24,2464.1,10.5857,
172,2442.02,3,100,1,2452.81,2487.54,10.7927,
173,2449.56,3,100,1,2460.53,2489.79,10.9734,
174,2460.82,4,102,1,2471.76,2508.03,10.9443,
175,2461.07,5,102,1,2470.15,2497.09,9.07739,
176,2461.47,6,102,1,2473.12,2497.47,11.6538,
177,2483.55,6,104,1,2491.6,2507.92,8.05151,
178,2497.46,4,105,1,2508.88,2527.43,11.4197,
179,2501.34,4,106,1,2511.41,2539.59,10.0774,
180,2525.72,3,108,1,2532.75,2571.72,7.02661,
181,2549.02,2,110,1,2561.11,2600.32,12.0935,
182,2561.4,3,112,1,2572.55,2611.58,11.1523,
183,2569.29,4,112,1,2578.95,2595.71,9.66675,
184,2581.97,4,114,1,2585.72,2624.52,3.74463,
185,2585.74,5,114,1,2595.71,2621.03,9.96655,
186,2620.95,3,118,1,2631.07,2665.56,10.1157,
187,2638.43,2,119,1,2647.58,2676.68,9.15454,
188,2665.26,3,122,1,2677.61,2703.67,12.3552,
189,2681.08,2,124,1,2692.59,2711.19,11.5088,
190,2685.15,3,124,1,2695.18,2727.27,10.0254,
191,2686.07,4,124,1,2703.67,2744.45,17.5972,
192,2699.55,5,125,1,2711.19,2742.01,11.6382,
193,2726.67,4,128,1,2733.39,2774.69,6.72217,
194,2737.69,4,129,1,2745.23,2770.8,7.54126,
195,2826.92,1,138,1,2835.26,2839.82,8.34155,
196,2834.38,2,139,1,2844.31,2876.78,9.93286,
197,2871.54,2,143,1,2881.45,2898.05,9.90381,
198,2934.45,1,5,2,2946.74,2981.28,12.2969,
199,2948.94,2,6,2,2959.95,2992.17,11.0081,
200,2976.12,3,9,2,2986.27,3013.38,10.1455,
201,2987.6,3,10,2,2997.52,3027.35,9.91675,
202,3025.44,2,14,2,3037.01,3049.74,11.5745,
203,3055.95,1,17,2,3065.72,3080.11,9.77588,
204,3114.1,1,23,2,3124.76,3158.7,10.6621,
205,3195.45,1,31,2,3204.71,3242.44,9.25854,
206,3256.43,1,37,2,3264.12,3290.51,7.6897,
207,3272.71,2,39,2,3290.51,3322.77,17.7993,
208,3278.88,3,39,2,3322.77,3353.91,43.8882,
209,3284.78,4,40,2,3331.96,3351.2,47.1785,
210,3321.45,4,44,2,3351.2,3383.4,29.751,
211,3354.46,2,47,2,3362.58,3397.05,8.12036,
212,3376.84,3,49,2,3386.36,3404.52,9.52124,
213,3378.87,4,49,2,3404.52,3422.73,25.6475,
214,3380.96,5,50,2,3397.05,3413.25,16.0886,
215,3425.19,1,54,2,3436.21,3473.73,11.019,
216,3427.16,2,54,2,3436.8,3471.21,9.64209,
217,3429.75,3,54,2,3471.21,3499.52,41.4634,
218,3449.57,4,56,2,3483.13,3504.2,33.5615,
219,3451.07,5,57,2,3473.73,3492.45,22.6638,
220,3456.54,6,57,2,3492.45,3526.08,35.9146,
221,3461.76,7,58,2,3502.53,3532.26,40.7698,
222,3462.07,8,58,2,3499.52,3530.48,37.449,
223,3479.03,7,59,2,3504.2,3519.13,25.166,
224,3483.13,8,60,2,3519.13,3558.66,35.9976,
225,3487.78,9,60,2,3526.08,3541.6,38.3035,
226,3491.62,10,61,2,3530.48,3559.2,38.8613,
227,3503.1,9,62,2,3541.6,3582.3,38.5037,
228,3504.35,9,62,2,3532.26,3542.41,27.9089,
229,3529.83,8,64,2,3542.41,3569.16,12.5791,
230,3537.08,7,65,2,3558.66,3580.74,21.5854,
231,3538.24,8,65,2,3559.2,3589.8,20.9558,
232,3543.23,7,66,2,3580.74,3610.71,37.5093,
233,3543.69,8,66,2,3569.16,3592.89,25.4712,
234,3543.76,9,66,2,3582.3,3600.43,38.5415,
235,3544.67,10,66,2,3589.8,3618.86,45.1221,
236,3547.54,11,66,2,3592.89,3632.44,45.3406,
237,3560.9,10,68,2,3600.43,3633.97,39.5254,
238,3586.69,8,70,2,3610.71,3646.97,24.0156,
239,3590.87,8,71,2,3618.86,3641.29,27.9878,
240,3600.3,8,72,2,3632.44,3669.59,32.1404,
241,3603.82,8,72,2,3633.97,3652.81,30.1567,
242,3616.7,8,73,2,3641.29,3661.37,24.5845,
243,3632.79,7,75,2,3646.97,3684.76,14.1809,
244,3638.1,7,75,2,3652.81,3688.83,14.7109,
245,3640.33,8,76,2,3661.37,3676.99,21.0347,
246,3653.97,6,77,2,3669.59,3692.15,15.6196,
247,3660.21,7,78,2,3676.99,3703.75,16.7742,
248,3665.43,7,78,2,3684.76,3720.5,19.3245,
249,3754.36,1,87,2,3764.08,3769.95,9.72583,
250,3757.3,2,87,2,3769.37,3801.55,12.074,
251,3769.27,3,88,2,3779.6,3803.84,10.3242,
252,3784.12,3,90,2,3792.59,3817.53,8.4668,
253,3789.84,4,90,2,3802.1,3833.67,12.2573,
254,3790.9,5,91,2,3800.4,3837.94,9.49927,
255,3796.24,6,91,2,3807.36,3825.09,11.1179,
256,3808.19,5,92,2,3817.55,3849.57,9.36255,
257,3814.3,6,93,2,3825.09,3858.89,10.7837,
258,3816.16,7,93,2,3824.63,3855.94,8.46436,
259,3820.95,7,94,2,3833.67,3865.43,12.7292,
260,3830.58,7,95,2,3849.57,3879.93,18.99,
261,3830.67,8,95,2,3837.94,3863.2,7.26953,
262,3832.79,9,95,2,3855.94,3887.9,23.1497,
263,3840.48,8,96,2,3858.89,3878.47,18.4146,
264,3853.96,8,97,2,3865.43,3887.92,11.4641,
265,3854.05,9,97,2,3863.2,3878.17,9.15161,
266,3855.9,10,97,2,3878.17,3910.95,22.2676,
267,3865.36,8,98,2,3878.47,3913.74,13.1079,
268,3876.49,8,99,2,3887.72,3902,11.2292,
269,3880.78,6,100,2,3891.62,3898.5,10.8447,
270,3882.61,7,100,2,3892.74,3933.4,10.1255,
271,3906.31,4,102,2,3915.34,3935.53,9.0271,
272,3927,3,104,2,3937.04,3958.47,10.0449,
273,3952.05,2,107,2,3963.38,3988.13,11.3311,
274,3968.35,2,108,2,3980.3,4006.33,11.958,
275,3974.76,3,109,2,3986.88,4019.36,12.1282,
276,4002.13,3,112,2,4012.59,4042.31,10.4626,
277,4025.32,2,114,2,4031.2,4060.67,5.88647,
278,4028.95,3,114,2,4034.52,4064.57,5.57275,
279,4052.13,3,117,2,4063.55,4097.5,11.4214,
280,4052.67,4,117,2,4065.21,4101.38,12.541,
281,4056.83,5,117,2,4068.19,4104.05,11.3579,
282,4058.06,6,117,2,4065.72,4089.08,7.66284,
283,4093.81,4,121,2,4101.6,4141.97,7.78833,
284,4107.64,2,122,2,4114.32,4156.51,6.68115,
285,4118.06,3,123,2,4141.97,4177.42,23.9111,
286,4118.45,4,123,2,4127.84,4159,9.39551,
287,4118.8,5,123,2,4156.51,4178.67,37.7104,
288,4134.1,6,125,2,4159,4198.01,24.9019,
289,4174.86,4,129,2,4185.65,4219.77,10.7856,
290,4176.02,5,129,2,4184.04,4220.79,8.01416,
291,4180.61,4,130,2,4198.01,4240.86,17.3975,
292,4188.81,5,130,2,4219.77,4243.45,30.9629,
293,4234.9,3,135,2,4243.54,4256.85,8.64697,
294,4288.37,1,140,2,4298.1,4333.76,9.73438,
295,4290.39,2,141,2,4298.17,4324.6,7.78223,
296,4325.4,2,0,3,4332.84,4356.72,7.44287,
297,4336.44,2,1,3,4348.74,4366.98,12.3071,
298,4339.55,3,1,3,4356.72,4394.47,17.1733,
299,4344.85,4,2,3,4366.98,4395.8,22.1343,
300,4357.74,4,3,3,4394.47,4409.3,36.73,
301,4527.78,1,20,3,4538.33,4564.43,10.5454,
302,4586.68,1,26,3,4596.44,4630.45,9.76123,
303,4647.55,1,32,3,4658.92,4695.31,11.3716,
304,4652.8,2,33,3,4695.31,4724.7,42.5122,
305,4796.56,1,47,3,4806.35,4838.92,9.78223,
306,4814.62,2,49,3,4823.18,4865.82,8.56885,
307,4824.1,3,50,3,4838.92,4868.55,14.8198,
308,4867.18,2,54,3,4872.65,4900.39,5.46924,
309,4873.71,2,55,3,4900.39,4917.29,26.6836,
310,4874.25,3,55,3,4880.43,4912.09,6.18066,
311,4876.19,4,55,3,4917.29,4955.34,41.104,
312,4876.23,5,55,3,4912.09,4936.61,35.8652,
313,4893.81,6,57,3,4920.87,4948.73,27.0615,
314,4894.88,7,57,3,4943.04,4968.77,48.1621,
315,4896.17,8,57,3,4936.61,4961.77,40.439,
316,4910.18,8,59,3,4955.34,4987.39,45.1616,
317,4910.37,9,59,3,4961.77,4991.65,51.4077,
318,4910.63,10,59,3,4948.73,4971.33,38.1001,
319,4921.4,9,60,3,4968.77,4994.22,47.3726,
320,4932.91,10,61,3,4971.33,5007.69,38.4214,
321,4949.4,9,62,3,4987.39,5013.59,37.9912,
322,4953.04,10,63,3,5007.69,5037.88,54.6562,
323,4954.15,11,63,3,4991.65,5016.46,37.5049,
324,4956.87,11,63,3,4994.22,5030.24,37.3447,
325,4970.08,10,65,3,5013.59,5039.48,43.5078,
326,4976.79,10,65,3,5016.46,5057.36,39.668,
327,4981.21,11,66,3,5030.24,5059.87,49.0298,
328,5009.4,8,68,3,5037.88,5072.91,28.4839,
329,5025.93,7,70,3,5039.48,5073.18,13.5459,
330,5062.19,3,74,3,5073.29,5110.48,11.105,
331,5066.25,4,74,3,5076.77,5107.76,10.5249,
332,5073.63,3,75,3,5083.81,5111.28,10.1875,
333,5086.72,4,76,3,5098.92,5130.96,12.2046,
334,5106.57,5,78,3,5118.37,5137.85,11.8008,
335,5107.37,6,78,3,5116.59,5153.74,9.22119,
336,5109.71,6,78,3,5118.85,5141.32,9.14355,
337,5115.14,5,79,3,5130.96,5160.8,15.8218,
338,5118.21,6,79,3,5141.32,5152.08,23.1157,
339,5118.48,7,79,3,5137.85,5146.95,19.3691,
340,5128.02,8,80,3,5146.95,5169.6,18.9258,
341,5135.84,8,81,3,5153.74,5184.98,17.9043,
342,5135.91,9,81,3,5152.08,5176.61,16.167,
343,5142.15,8,82,3,5160.8,5197.65,18.6494,
344,5147.19,8,82,3,5169.6,5204.1,22.4165,
345,5153.46,8,83,3,5176.61,5215.79,23.1548,
346,5153.77,8,83,3,5184.98,5204.24,31.2065,
347,5158.37,9,83,3,5197.65,5199.17,39.2871,
348,5158.97,10,83,3,5196.29,5236.02,37.3218,
349,5167.22,10,84,3,5199.17,5232.98,31.9526,
350,5170.19,10,85,3,5204.1,5229.89,33.9111,
351,5178.35,10,85,3,5204.24,5217.51,25.8857,
352,5186.14,10,86,3,5217.51,5255.08,31.3677,
353,5188.94,11,86,3,5215.79,5251.29,26.853,
354,5197.52,12,87,3,5229.89,5248.36,32.3706,
355,5198.54,12,87,3,5232.98,5264.74,34.4326,
356,5216.5,9,89,3,5236.02,5267.04,19.5146,
357,5231.23,8,91,3,5248.36,5288.17,17.1265,
358,5250.73,6,93,3,5260.92,5297.12,10.1919,
359,5251.52,6,93,3,5259.81,5285.49,8.29199,
360,5279.84,4,95,3,5287.74,5330.17,7.89893,
361,5292.15,3,97,3,5302.76,5337.66,10.6133,
362,5292.22,4,97,3,5303.53,5333.03,11.3135,
363,5306.26,4,98,3,5316.27,5349.68,10.0117,
364,5312.22,5,99,3,5318.79,5360.13,6.56689,
365,5316.26,6,99,3,5330.17,5366.05,13.9072,
366,5316.38,7,99,3,5333.03,5370.32,16.6538,
367,5337.76,5,101,3,5347.76,5372.96,10.0034,
368,5340.06,6,102,3,5350.04,5375.44,9.97559,
369,5371.51,3,105,3,5382.38,5406.07,10.8726,
370,5383.82,2,106,3,5392.83,5406.17,9.01318,
371,5385.85,3,106,3,5398.09,5416.51,12.2358,
372,5390.12,4,107,3,5401.53,5441.56,11.4106,
373,5391.29,5,107,3,5401.24,5441.46,9.95898,
374,5419.54,3,109,3,5428.39,5463.71,8.85059,
375,5419.74,4,109,3,5425.42,5460.52,5.67676,
376,5439.27,5,111,3,5450.39,5483.82,11.1235,
377,5441.41,6,112,3,5451.12,5456.05,9.70801,
378,5453.17,5,113,3,5463.7,5493.33,10.5347,
379,5469.46,3,114,3,5478.85,5510.59,9.38916,
380,5483.1,4,116,3,5494.66,5531.78,11.5605,
381,5505.45,3,118,3,5515.21,5532.85,9.76465,
382,5533.65,1,121,3,5542.98,5566.82,9.32959,
383,5562.05,2,124,3,5567.03,5607.88,4.97754,
384,5575.98,2,125,3,5586.4,5613.62,10.4204,
385,5576.27,3,125,3,5587.69,5619.77,11.4243,
386,5601.04,4,128,3,5612.21,5635.87,11.1729,
387,5606.03,5,128,3,5616.53,5637.04,10.5015,
388,5614.55,4,129,3,5622.7,5643.44,8.15137,
389,5624.6,4,130,3,5636.09,5675.31,11.4893,
390,5630.2,5,131,3,5642.36,5663.73,12.1597,
391,5676.33,1,135,3,5683.76,5708.91,7.43164,
392,5695.24,2,137,3,5705.05,5734.79,9.81299,
393,5695.86,3,137,3,5700.57,5736.78,4.71533,
394,5791.13,1,3,4,5802.41,5843.35,11.2773,
395,5804.56,2,4,4,5813.93,5856,9.37061,
396,5842.32,3,8,4,5853.07,5886.25,10.7515,
397,5913.14,1,15,4,5924.66,5964.62,11.5195,
398,5959.42,2,19,4,5969.04,6003.39,9.61816,
399,5961.01,3,20,4,6031.37,6064.4,70.3599,
400,5961.81,4,20,4,6003.39,6031.37,41.5791,
401,6003.63,3,24,4,6064.4,6081.61,60.7666,
402,6040.37,3,28,4,6081.61,6115.52,41.2407,
403,6047.74,4,28,4,6115.52,6148.73,67.7715,
404,6082.57,3,32,4,6148.73,6171.1,66.1646,
405,6082.58,4,32,4,6171.1,6197.15,88.5171,
406,6101.63,5,34,4,6197.15,6231.79,95.5278,
407,6142.68,5,38,4,6231.79,6253.31,89.1138,
408,6147.62,6,38,4,6253.31,6284.22,105.694,
409,6148.07,7,38,4,6231.79,6258.96,83.729,
410,6238.11,4,47,4,6258.96,6286.51,20.8486,
411,6251,5,49,4,6284.22,6324.65,33.2188,
412,6263.24,4,50,4,6286.51,6302.51,23.2734,
413,6272.05,5,51,4,6302.51,6314.71,30.4595,
414,6281.56,6,52,4,6314.71,6342.16,33.1543,
415,6290.63,5,53,4,6324.65,6362.59,34.0273,
416,6301,6,54,4,6342.16,6357.03,41.1592,
417,6321.96,5,56,4,6357.03,6393.53,35.0723,
418,6332.9,5,57,4,6360.87,6385.58,27.9663,
419,6333.08,6,57,4,6362.59,6375.56,29.5161,
420,6349.27,6,58,4,6375.56,6407.57,26.2954,
421,6354.78,7,59,4,6383.04,6424.11,28.2607,
422,6360.87,7,60,4,6385.58,6421.99,24.7119,
423,6373.18,7,61,4,6393.53,6426.72,20.3511,
424,6376.93,7,61,4,6407.57,6437.05,30.6431,
425,6390.94,7,63,4,6421.99,6452.53,31.0483,
426,6405.04,7,64,4,6424.11,6456.43,19.0708,
427,6415.97,7,65,4,6426.72,6459.41,10.7466,
428,6421,8,66,4,6452.53,6491.1,31.5269,
429,6421.79,9,66,4,6437.05,6460.82,15.2544,
430,6426.62,8,66,4,6456.43,6496.3,29.8105,
431,6436.41,8,67,4,6459.41,6497.83,22.998,
432,6456.71,6,69,4,6468.85,6510.78,12.1406,
433,6460.52,6,70,4,6491.1,6514.21,30.5771,
434,6485.71,6,72,4,6497.83,6519.49,12.1221,
435,6485.93,7,72,4,6519.49,6546.21,33.5542,
436,6487.16,8,72,4,6496.58,6529.24,9.42236,
437,6488.77,9,72,4,6514.21,6547.68,25.4468,
438,6489.23,10,72,4,6510.78,6535.42,21.5425,
439,6497.13,9,73,4,6529.24,6567.22,32.1016,
440,6517.57,7,75,4,6546.21,6583.03,28.6362,
441,6519.15,8,75,4,6535.42,6570.72,16.2671,
442,6527.45,8,76,4,6547.68,6569.19,20.2324,
443,6552.96,5,79,4,6567.22,6608.02,14.2627,
444,6554.04,6,79,4,6569.19,6606.25,15.1494,
445,6558.31,7,79,4,6570.72,6593.79,12.4087,
446,6575.37,5,81,4,6586.01,6621.22,10.647,
447,6579,6,81,4,6593.79,6603.6,14.7959,
448,6598.59,5,83,4,6607.9,6633.67,9.31592,
449,6599.85,6,83,4,6609.85,6636.23,9.99902,
450,6600.71,7,84,4,6609.71,6648.46,8.99512,
451,6601.89,8,84,4,6621.22,6641.94,19.3359,
452,6603,9,84,4,6632.95,6662,29.9521,
453,6619.54,7,85,4,6633.67,6653.82,14.1274,
454,6621.81,7,86,4,6636.23,6662.99,14.4146,
455,6637.47,6,87,4,6646.7,6676.75,9.22803,
456,6638.28,7,87,4,6653.82,6692.19,15.5444,
457,6640.13,8,88,4,6648.46,6685.34,8.33154,
458,6647.03,8,88,4,6662,6694.77,14.9648,
459,6651.05,8,89,4,6662.99,6687.78,11.939,
460,6654.37,8,89,4,6676.75,6715.13,22.3818,
461,6655.2,9,89,4,6687.78,6712.67,32.5811,
462,6656.06,10,89,4,6685.34,6720.28,29.2886,
463,6661.05,11,90,4,6692.19,6704.81,31.1401,
464,6668.88,10,90,4,6694.77,6712.88,25.8911,
465,6674.6,11,91,4,6704.81,6734.16,30.2197,
466,6682.23,11,92,4,6712.67,6726,30.437,
467,6699.46,8,93,4,6712.88,6740.15,13.4229,
468,6711.41,8,95,4,6719.3,6752.95,7.8877,
469,6743.81,2,98,4,6752.84,6788.63,9.0376,
470,6745.72,3,98,4,6757.32,6781.24,11.6055,
471,6748.03,4,98,4,6757.79,6793.44,9.76025,
472,6751.79,5,99,4,6762.25,6792.1,10.4556,
473,6757.62,5,99,4,6766.95,6796.81,9.33154,
474,6769.45,6,100,4,6781.24,6802.44,11.7979,
475,6789.05,5,102,4,6798.09,6829.96,9.0376,
476,6789.29,6,102,4,6796.14,6837.62,6.84473,
477,6798.24,4,103,4,6810.69,6830.85,12.4438,
478,6812.03,4,105,4,6820.92,6846.81,8.89258,
479,6815.72,5,105,4,6824.94,6866.3,9.22461,
480,6816.66,6,105,4,6829.96,6867.93,13.3008,
481,6833.24,5,107,4,6840.65,6851.18,7.41211,
482,6845.78,5,108,4,6854.63,6892.73,8.84863,
483,6847.53,5,108,4,6858.84,6884.01,11.3076,
484,6868.9,3,110,4,6877.26,6896.58,8.3623,
485,6879.05,4,111,4,6888.61,6915.88,9.56787,
486,6892.37,4,113,4,6901.1,6910.03,8.73145,
487,6895.14,4,113,4,6904.86,6919.11,9.71729,
488,6917.3,2,115,4,6926.81,6960.72,9.51562,
489,6918.35,3,115,4,6927.96,6954.92,9.60498,
490,6920.71,3,116,4,6927.83,6945.15,7.12402,
491,6920.97,4,116,4,6931.41,6970.12,10.4365,
492,6922.11,5,116,4,6945.15,6960.71,23.0376,
493,6957.04,4,119,4,6965.55,6995.41,8.50781,
494,6964.27,3,120,4,6973.02,6971.36,8.75195,
495,6966.6,4,120,4,6976.16,7009.95,9.56055,
496,6980.33,3,122,4,6989.5,7017.65,9.17627,
497,6994.53,4,123,4,7004.57,7026.2,10.0425,
498,6997.43,4,123,4,7009.95,7042.18,12.521,
499,7006.15,5,124,4,7017.65,7044.96,11.5005,
500,7036.59,3,127,4,7045.74,7071.4,9.15479,
501,7055.33,2,129,4,7063.64,7090.86,8.30615,
502,7059.65,3,129,4,7069.41,7111.6,9.76074,
503,7060.24,4,130,4,7071.4,7092.64,11.1621,
504,7070.49,5,131,4,7090.86,7126.98,20.3721,
505,7103.52,3,134,4,7113.06,7145.32,9.54688,
506,7122.12,3,136,4,7132.31,7152.18,10.189,
507,7148.71,2,138,4,7159.72,7180.46,11.0122,
508,7191.29,1,143,4,7199.81,7224.32,8.52246,
509,7267.69,1,6,5,7277.41,7310.77,9.72656,
510,7327.66,1,12,5,7335.43,7374.68,7.77441,
511,7348.59,2,14,5,7374.68,7407.86,26.0903,
512,7348.95,3,14,5,7407.86,7433.41,58.9106,
513,7356.67,4,15,5,7433.41,7455.1,76.7466,
514,7367.09,5,16,5,7455.1,7483.19,88.0024,
515,7376.86,5,17,5,7501.73,7533.42,124.871,
516,7379.73,6,17,5,7483.19,7501.73,103.466,
517,7385.26,7,18,5,7533.42,7573.17,148.155,
518,7387.6,8,18,5,7573.17,7607.75,185.569,
519,7553.63,3,35,5,7607.75,7634.53,54.1216,
520,7561.58,4,36,5,7634.53,7664.81,72.9551,
521,7582.73,4,38,5,7652.31,7694.08,69.5781,
522,7589.57,5,38,5,7664.81,7695.17,75.2422,
523,7594,6,39,5,7694.08,7709.21,100.082,
524,7624.92,6,42,5,7695.17,7724.14,70.2466,
525,7625.49,7,42,5,7709.21,7740.36,83.7148,
526,7635.08,7,43,5,7724.14,7749.82,89.063,
527,7652.31,8,45,5,7740.36,7767.61,88.0454,
528,7661.11,9,46,5,7749.82,7767.28,88.7158,
529,7668.09,9,46,5,7767.28,7792.29,99.1821,
530,7670.11,10,47,5,7767.61,7789.69,97.4976,
531,7678.75,11,47,5,7789.69,7829.63,110.942,
532,7687.72,12,48,5,7792.29,7825.36,104.575,
533,7689.52,13,48,5,7801.29,7831.13,111.764,
534,7701.04,12,50,5,7822.69,7859.22,121.645,
535,7710.56,12,51,5,7825.36,7853.34,114.796,
536,7724.36,12,52,5,7831.13,7846.53,106.772,
537,7726.26,13,52,5,7829.63,7860.29,103.373,
538,7731.52,14,53,5,7846.53,7884.33,115.001,
539,7766.29,13,56,5,7853.34,7882.22,87.0479,
540,7772.88,12,57,5,7859.22,7894.86,86.3413,
541,7775.76,13,57,5,7860.29,7876.34,84.5347,
542,7782.96,14,58,5,7876.34,7912.8,93.3774,
543,7783.55,15,58,5,7882.22,7921.08,98.6699,
544,7792.51,14,59,5,7884.33,7919.46,91.8228,
545,7801.29,15,60,5,7894.86,7900.64,93.5698,
546,7806.84,16,60,5,7900.64,7932.54,93.7983,
547,7813.47,17,61,5,7912.8,7943.08,99.3232,
548,7823.69,18,62,5,7919.46,7952.43,95.7656,
549,7837.43,16,63,5,7921.08,7942.32,83.6445,
550,7838.96,17,63,5,7932.54,7963.74,93.5771,
551,7841.34,18,64,5,7942.32,7971.72,100.973,
552,7848.94,18,64,5,7952.43,7991.42,103.494,
553,7848.94,19,64,5,7943.08,7976.1,94.1445,
554,7869.06,17,66,5,7963.74,7988.33,94.6797,
555,7873.93,18,67,5,7971.72,8009.66,97.7935,
556,7882.45,17,68,5,7976.1,7994.23,93.645,
557,7883.17,18,68,5,7988.33,8017.11,105.168,
558,7889.12,18,68,5,7991.42,8029.95,102.307,
559,7889.48,19,68,5,7994.23,8022.77,104.757,
560,7898.53,19,69,5,8009.66,8048.18,111.129,
561,7911.41,19,71,5,8017.11,8027.99,105.696,
562,7914.59,19,71,5,8027.99,8053.81,113.398,
563,7914.98,20,71,5,8022.77,8059.49,107.794,
564,7935.41,18,73,5,8029.95,8062.09,94.5317,
565,7941.68,19,74,5,8048.18,8077.51,106.493,
566,7959.82,17,75,5,8053.81,8089.68,93.9897,
567,7986.64,15,78,5,8059.49,8096.38,72.8506,
568,7997.63,13,79,5,8062.09,8089.37,64.457,
569,8010.18,13,81,5,8072.43,8095.79,62.249,
570,8012.29,14,81,5,8077.51,8097.69,65.2197,
571,8023.57,13,82,5,8089.37,8125.54,65.8022,
572,8032.4,12,83,5,8089.68,8126.44,57.2886,
573,8035.83,13,83,5,8096.38,8125.68,60.5479,
574,8038.23,14,83,5,8095.79,8120.48,57.5576,
575,8044.46,15,84,5,8097.69,8136.99,53.2383,
576,8044.59,16,84,5,8120.48,8141.75,75.8877,
577,8057.51,15,85,5,8125.54,8135.55,68.0283,
578,8061.45,15,86,5,8125.68,8164.3,64.231,
579,8064.87,15,86,5,8126.44,8160.58,61.5776,
580,8074.3,16,87,5,8135.55,8168.2,61.2432,
581,8080.67,16,88,5,8136.99,8162.53,56.3203,
582,8085.4,17,88,5,8158.56,8198.22,73.1621,
583,8089.74,16,88,5,8141.75,8158.56,52.0068,
584,8093.42,17,89,5,8160.58,8192.12,67.1641,
585,8114.79,15,91,5,8162.53,8192.45,47.7388,
586,8116.11,16,91,5,8164.3,8198.04,48.187,
587,8116.57,17,91,5,8168.2,8185.54,51.6299,
588,8123.03,17,92,5,8185.54,8220.39,62.5049,
589,8126.52,15,92,5,8192.12,8221.98,65.6035,
590,8130.36,16,93,5,8192.45,8217.53,62.0952,
591,8166.08,10,96,5,8198.04,8232.72,31.96,
592,8171.36,10,97,5,8198.22,8220.16,26.8657,
593,8175.31,11,97,5,8217.53,8232.08,42.2256,
594,8188.38,11,98,5,8220.16,8240.12,31.7739,
595,8193.38,10,99,5,8220.39,8235.42,27.0049,
596,8198.24,9,99,5,8221.98,8256.58,23.7324,
597,8215.87,10,101,5,8232.08,8263.77,16.21,
598,8227.44,7,102,5,8237.5,8277.24,10.0615,
599,8229.25,8,102,5,8239.7,8276.33,10.4482,
600,8238.09,6,103,5,8248.1,8284.03,10.0146,
601,8258.04,5,105,5,8268.07,8300.18,10.0283,
602,8285.68,2,108,5,8295.88,8324.56,10.2031,
603,8289.68,3,108,5,8301.42,8341.01,11.7324,
604,8296.7,4,109,5,8309.21,8338.24,12.5107,
605,8303.52,4,110,5,8311.64,8336.34,8.12305,
606,8365.45,1,116,5,8368.79,8396.03,3.33105,
607,8401.84,1,120,5,8413.91,8443.48,12.0752,
608,8410.1,2,121,5,8417.55,8442.14,7.45215,
609,8412.5,3,121,5,8424.05,8457.28,11.5576,
610,8430.55,4,123,5,8442.14,8458.19,11.584,
611,8433.52,5,123,5,8443.64,8465.73,10.1172,
612,8490.7,1,129,5,8499.16,8514.4,8.45996,
613,8513.17,2,131,5,8525.53,8542.03,12.3574,
614,8516.78,2,131,5,8526.15,8566.91,9.37305,
615,8561.46,2,136,5,8567.21,8595.19,5.75684,
616,8602.92,1,140,5,8612.59,8653.35,9.66992,
617,8631.18,2,143,5,8641.62,8661.81,10.4395,
618,8655.83,2,1,6,8662.93,8691.82,7.09473,
619,8706.77,1,6,6,8716.24,8751.51,9.46777,
620,8713.14,2,7,6,8724,8725.52,10.8682,
621,8737.07,2,9,6,8747.11,8771.52,10.0391,
622,8765.7,2,12,6,8777.76,8804.15,12.0586,
623,8886.49,1,24,6,8896.96,8928.21,10.4707,
624,8888.74,2,24,6,8928.21,8953.06,39.4648,
625,8939.27,2,29,6,8953.06,8985.25,13.7949,
626,8940.94,3,30,6,8985.25,9020.29,44.3105,
627,8978.78,3,33,6,9020.29,9039.29,41.5088,
628,9035.37,2,39,6,9042.67,9074.73,7.2998,
629,9062.26,2,42,6,9074.73,9093.77,12.4609,
630,9079.5,2,43,6,9092.49,9132.48,12.9834,
631,9082.25,3,44,6,9093.77,9112.15,11.5205,
632,9104.27,3,46,6,9113.24,9150.38,8.97754,
633,9111.13,4,47,6,9132.48,9171.64,21.3506,
634,9119.46,4,47,6,9150.38,9184.23,30.9258,
635,9130.87,5,49,6,9184.23,9217.51,53.3516,
636,9131.81,6,49,6,9171.64,9196.08,39.8223,
637,9135.03,6,49,6,9196.08,9216.55,61.0537,
638,9149.74,7,50,6,9216.55,9246.66,66.8164,
639,9151.31,7,51,6,9217.51,9248.6,66.1953,
640,9156.55,8,51,6,9246.66,9280.06,90.1084,
641,9171.67,8,53,6,9246.66,9277.57,74.9854,
642,9173.19,9,53,6,9248.6,9274.8,75.4092,
643,9173.72,10,53,6,9262.54,9304.78,88.8164,
644,9180.01,11,54,6,9274.8,9295.48,94.7842,
645,9195.37,11,55,6,9280.06,9308.07,84.6924,
646,9196.06,12,55,6,9277.57,9309.1,81.5078,
647,9211.15,12,57,6,9308.07,9332.34,96.9199,
648,9212.04,13,57,6,9304.78,9325.57,92.7402,
649,9212.66,14,57,6,9295.48,9333.93,82.8242,
650,9220.85,13,58,6,9309.1,9339.18,88.251,
651,9227.32,14,58,6,9325.57,9360.05,98.2539,
652,9228.32,15,58,6,9332.34,9342.25,104.025,
653,9255.67,14,61,6,9339.18,9364.04,83.5088,
654,9259.02,15,61,6,9333.93,9366.54,74.9062,
655,9262.54,16,62,6,9342.25,9363.01,79.7168,
656,9268.24,17,62,6,9360.05,9385.72,91.8164,
657,9270.9,18,63,6,9363.01,9382.25,92.1094,
658,9287.87,16,64,6,9364.04,9387.24,76.1719,
659,9291.89,17,65,6,9366.54,9397.88,74.6514,
660,9298.75,17,65,6,9382.25,9414.88,83.5049,
661,9310.16,15,67,6,9385.72,9424.44,75.5635,
662,9327.17,15,68,6,9387.24,9411.58,60.0742,
663,9337.2,14,69,6,9397.88,9431.35,60.6826,
664,9343.04,13,70,6,9411.58,9440.69,68.5352,
665,9363.89,12,72,6,9414.88,9445.16,50.9951,
666,9364.23,12,72,6,9424.44,9458.69,60.2119,
667,9366.22,13,72,6,9431.35,9461.66,65.1387,
668,9383.1,12,74,6,9440.69,9477.99,57.5859,
669,9383.88,13,74,6,9445.16,9469.67,61.2793,
670,9393.97,12,75,6,9458.69,9499.19,64.7217,
671,9412.91,11,77,6,9469.67,9473.61,56.7529,
672,9413.28,12,77,6,9461.66,9493.53,48.3828,
673,9416.25,12,77,6,9473.61,9515.25,57.3623,
674,9423.35,13,78,6,9477.99,9497.58,54.6465,
675,9446.81,10,80,6,9493.53,9516.87,46.7217,
676,9486.74,6,84,6,9498.65,9517.76,11.9121,
677,9519.29,1,87,6,9529.88,9550.77,10.5879,
678,9525.38,2,88,6,9535.5,9565.1,10.1201,
679,9531.26,3,89,6,9539.1,9563.47,7.83984,
680,9538.63,4,89,6,9551.08,9581.62,12.4482,
681,9550.96,4,91,6,9560.51,9590.86,9.55273,
682,9553.45,5,91,6,9562.74,9564.18,9.29297,
683,9559.69,6,91,6,9570.06,9588.89,10.374,
684,9580.99,4,94,6,9591.12,9616.23,10.127,
685,9587.51,4,94,6,9594.51,9623.07,7.00195,
686,9587.51,5,94,6,9597.79,9631.49,10.2734,
687,9591.82,4,95,6,9602.31,9632.29,10.4834,
688,9609.72,5,96,6,9620.69,9657.3,10.9707,
689,9619.3,5,97,6,9630.98,9666.7,11.6787,
690,9628.37,5,98,6,9635.71,9661.61,7.34863,
691,9650.42,4,101,6,9661.74,9696.27,11.3203,
692,9652.92,5,101,6,9662.82,9685.29,9.90625,
693,9670.22,3,103,6,9678.34,9710.2,8.11914,
694,9676.6,4,103,6,9685.31,9705.35,8.70801,
695,9680.06,5,104,6,9686.56,9713.64,6.50391,
696,9681.86,6,104,6,9689.15,9722.06,7.29492,
697,9701.15,5,106,6,9710.25,9750.11,9.10547,
698,9734.32,2,109,6,9743.48,9765.11,9.16504,
699,9735.7,3,109,6,9743.33,9774.15,7.62695,
700,9780.45,1,114,6,9792.76,9797.96,12.3105,
701,9808.65,1,116,6,9818.83,9847.65,10.1758,
702,9810.97,2,117,6,9823.51,9860.29,12.5361,
703,9823.26,3,118,6,9830.47,9862.81,7.20898,
704,9864.78,1,122,6,9872.38,9903.07,7.60352,
705,9867.33,2,122,6,9871.88,9902.84,4.55371,
706,9869.09,3,122,6,9879.91,9908.64,10.8154,
707,9899.56,4,125,6,9909.91,9941.39,10.3447,
708,9941.11,2,130,6,9947.27,9990.09,6.15527,
709,9948.5,2,130,6,9957.16,9976.58,8.65723,
710,10025.4,1,138,6,10033.9,10068,8.52539,
711,10068.9,1,142,6,10080.6,10101.6,11.6914,
712,10072.7,2,143,6,10083.6,10109.5,10.916,
713,10073.7,3,143,6,10084.7,10113.1,10.9746,
714,10102.9,3,2,0,10111.5,10107.5,8.56738,
715,10141.8,1,6,0,10150.3,10173.5,8.5293,
716,10185.1,1,10,0,10194.8,10221.6,9.7041,
717,10194.7,2,11,0,10204.7,10240.2,10.0576,
718,10245.3,1,16,0,10251.6,10267.9,6.23828,
719,10263.8,2,18,0,10275.7,10294.3,11.8701,
720,10288.5,2,20,0,10294.3,10316.4,5.8252,
721,10315.1,2,23,0,10326.2,10356.2,11.1348,
722,10323.6,2,24,0,10356.2,10381.5,32.6104,
723,10346.9,3,26,0,10381.5,10408.4,34.5908,
724,10367,3,28,0,10408.4,10439.6,41.3857,
725,10441.8,1,36,0,10451.4,10490.4,9.6084,
726,10461.2,2,38,0,10490.4,10516.8,29.1699,
727,10465.9,3,38,0,10516.8,10552.5,50.9287,
728,10470.3,4,39,0,10531.5,10574.1,61.2373,
729,10472.1,5,39,0,10552.5,10574.7,80.374,
730,10531.5,4,45,0,10574.1,10596,42.5645,
731,10593.8,2,51,0,10602.8,10641.1,8.9375,
732,10635.4,2,55,0,10641.9,10667.2,6.45898,
733,10640.5,3,56,0,10651.4,10674.8,10.9453,
734,10654.6,3,57,0,10667.2,10690.4,12.6504,
735,10667.8,3,58,0,10680.3,10707.5,12.4961,
736,10668.7,4,58,0,10675.8,10697.4,7.12598,
737,10670.2,5,59,0,10690.4,10719.3,20.2139,
738,10678.3,5,59,0,10703.3,10744.4,25.0068,
739,10678.3,6,59,0,10697.4,10730.3,19.0361,
740,10680.6,7,60,0,10707.5,10740.7,26.9131,
741,10688.6,8,60,0,10719.3,10745.8,30.6973,
742,10691,8,61,0,10730.3,10765.5,39.2939,
743,10703.3,8,62,0,10740.7,10767.6,37.4014,
744,10710.2,8,63,0,10744.4,10766.3,34.2158,
745,10726.9,8,64,0,10745.8,10754.6,18.9043,
746,10730.7,8,65,0,10754.6,10790.1,23.8506,
747,10742.2,8,66,0,10765.5,10791,23.2578,
748,10753.7,7,67,0,10766.3,10808.3,12.625,
749,10776.6,4,69,0,10788.3,10816.5,11.6787,
750,10780.2,5,70,0,10791.3,10815.9,11.126,
751,10784,6,70,0,10791.9,10818.4,7.86719,
752,10790,7,71,0,10808.3,10837,18.3203,
753,10799.9,6,71,0,10815.9,10847.8,16.0215,
754,10805.8,7,72,0,10816.5,10849.4,10.7734,
755,10806,8,72,0,10818.4,10851.8,12.4512,
756,10838.3,4,75,0,10846.9,10864.8,8.59863,
757,10842.6,5,76,0,10851.7,10845.6,9.06543,
758,10845.3,6,76,0,10856.4,10881.4,11.0215,
759,10859.3,3,77,0,10869.2,10888.5,9.85352,
760,10869.2,3,78,0,10878.3,10905.8,9.03418,
761,10877,4,79,0,10885.9,10887.9,8.82422,
762,10887.3,4,80,0,10897.9,10934.5,10.5684,
763,10893.1,3,81,0,10902.9,10933.2,9.86914,
764,10906.3,3,82,0,10915.2,10957.5,8.85059,
765,10912.4,4,83,0,10923.4,10960.5,10.9629,
766,10940,3,85,0,10946.1,10968.8,6.14746,
767,10949.5,4,86,0,10960.9,10950.3,11.3135,
768,10956.3,5,87,0,10965.9,11001.8,9.61719,
769,10971.9,2,89,0,10978.7,10993.8,6.75391,
770,10981.5,3,90,0,10987.9,11019.5,6.3623,
771,10999.8,3,91,0,11009.2,11040.9,9.38672,
772,11064.5,1,98,0,11072.5,11096.9,8.02246,
773,11092,2,101,0,11101.6,11134.2,9.62109,
774,11105.3,2,102,0,11113.5,11150.6,8.15039,
775,11107.8,3,102,0,11116.5,11154.2,8.7168,
776,11146,3,106,0,11152.7,11176.7,6.65625,
777,11177.3,1,109,0,11187.9,11228.8,10.623,
778,11191.3,2,111,0,11200.4,11242.6,9.16113,
779,11192.3,3,111,0,11197.5,11219.8,5.19531,
780,11194.1,4,111,0,11201,11227.9,6.93457,
781,11196.6,5,111,0,11208.1,11249.6,11.5771,
782,11207.1,6,112,0,11219.8,11261.6,12.6484,
783,11212.6,7,113,0,11227.9,11263,15.293,
784,11221.3,7,114,0,11242.6,11272.1,21.2568,
785,11262.8,3,118,0,11274.4,11311.4,11.5752,
786,11271.7,3,119,0,11283.1,11309.3,11.4814,
787,11299.5,3,121,0,11308.6,11336.8,9.0498,
788,11313.9,2,123,0,11323.5,11335.3,9.56055,
789,11314.8,3,123,0,11325.6,11347.7,10.7197,
790,11315,4,123,0,11335.3,11372.8,20.3232,
791,11339.8,3,125,0,11349.9,11354.7,10.0635,
792,11377.2,1,129,0,11386,11404.7,8.79102,
793,11383.5,2,130,0,11392.3,11409.6,8.88281,
794,11401.8,3,132,0,11414,11447.7,12.1836,
795,11414.5,2,133,0,11423,11451.2,8.46777,
796,11433,3,135,0,11444.1,11476.9,11.0898,
797,11438.2,4,135,0,11447.7,11479.8,9.49414,
798,11451.6,3,137,0,11463.6,11479,11.9863,
799,11486.1,1,140,0,11491.8,11518.6,5.70801,
800,11609.8,1,8,1,11619.8,11647.8,9.98535,
801,11650.5,1,13,1,11661.9,11680.7,11.3887,
802,11664.2,2,14,1,11680.7,11698,16.4561,
803,11716.1,1,19,1,11726.6,11751.5,10.4648,
804,11786.2,1,26,1,11796.3,11826.1,10.1064,
805,11807.7,2,28,1,11826.1,11853.7,18.3535,
806,11832.6,2,31,1,11853.7,11869.2,21.1152,
807,11859,2,33,1,11869.5,11894.1,10.4336,
808,11870.3,2,35,1,11894.1,11920,23.8711,
809,11921.9,1,40,1,11954.7,11980.5,32.748,
810,11928.3,2,40,1,11934.2,11954.7,5.82031,
811,11935.2,3,41,1,11978.3,12013.8,43.1025,
812,11953.6,4,43,1,11980.5,12007.9,26.8994,
813,11967.2,4,44,1,12007.9,12037.3,40.7324,
814,11991.2,4,47,1,12013.8,12043,22.5938,
815,12006.7,5,48,1,12037.3,12061.9,30.5508,
816,12008.1,5,48,1,12043,12072.1,34.8799,
817,12010.7,6,49,1,12061.9,12093.7,51.2178,
818,12025.3,6,50,1,12072.1,12070.9,46.75,
819,12029.5,7,50,1,12070.9,12102.8,41.4199,
820,12049,6,52,1,12093.7,12126.4,44.6689,
821,12050.4,7,53,1,12120,12161.2,69.6533,
822,12050.7,8,53,1,12102.8,12130.7,52.0742,
823,12053.5,9,53,1,12130.7,12149.5,77.1709,
824,12055.5,10,53,1,12143.3,12180,87.8096,
825,12055.5,11,53,1,12126.4,12160.9,70.8633,
826,12056.9,12,53,1,12149.5,12177.3,92.6475,
827,12076.6,10,55,1,12160.9,12200.3,84.3291,
828,12106.4,9,58,1,12161.2,12189.3,54.8135,
829,12108.9,10,58,1,12177.3,12213.8,68.3857,
830,12112,11,59,1,12180,12211.1,68.0117,
831,12115.2,12,59,1,12189.3,12228.9,74.0566,
832,12120,13,60,1,12200.3,12222.1,80.2891,
833,12125.8,14,60,1,12211.1,12245.6,85.2178,
834,12130.5,14,61,1,12213.8,12247.9,83.3916,
835,12137.8,14,61,1,12222.1,12238.5,84.2871,
836,12143.3,15,62,1,12228.9,12257.3,85.6104,
837,12161,14,64,1,12238.5,12261.8,77.4824,
838,12169.3,14,64,1,12257.3,12285.1,88.0332,
839,12169.9,15,64,1,12247.9,12275.7,77.9902,
840,12170.7,16,65,1,12245.6,12276.4,74.9766,
841,12175.5,17,65,1,12261.8,12294.4,86.3652,
842,12179.5,17,65,1,12275.7,12300.1,96.1582,
843,12180.7,17,66,1,12276.4,12311.8,95.7246,
844,12183,18,66,1,12294.4,12323.5,111.402,
845,12184.2,19,66,1,12285.1,12317.4,100.814,
846,12188.2,20,66,1,12300.1,12325.6,111.877,
847,12190.9,20,67,1,12311.8,12328.4,120.934,
848,12210.8,20,69,1,12317.4,12347.4,106.531,
849,12212,20,69,1,12323.5,12355.2,111.568,
850,12217,20,69,1,12328.4,12344.9,111.408,
851,12218,21,69,1,12325.6,12342,107.628,
852,12230.2,20,71,1,12342,12359.7,111.786,
853,12238.2,21,71,1,12344.9,12378.3,106.716,
854,12249.1,19,72,1,12347.4,12377.9,98.2695,
855,12249.6,20,72,1,12355.2,12382.9,105.599,
856,12250.5,21,73,1,12359.7,12387.8,109.13,
857,12276.6,18,75,1,12377.9,12414.1,101.349,
858,12283.1,19,76,1,12378.3,12404.1,95.2021,
859,12296.6,18,77,1,12382.9,12416.8,86.3477,
860,12321.6,16,80,1,12387.8,12414.6,66.209,
861,12330.4,14,81,1,12390.6,12398.6,60.2002,
862,12352.5,12,83,1,12398.6,12439.9,46.0928,
863,12357.6,12,83,1,12404.1,12440.1,46.4932,
864,12363.3,12,84,1,12414.1,12441.2,50.7402,
865,12369.7,13,84,1,12414.6,12451.6,44.8643,
866,12381.5,12,86,1,12416.8,12422.7,35.3037,
867,12386.8,12,86,1,12422.7,12457.1,35.8984,
868,12398,12,87,1,12439.9,12468.6,41.8359,
869,12416.6,9,89,1,12440.1,12476.4,23.5166,
870,12421.6,9,90,1,12441.2,12477.2,19.5713,
871,12443.1,6,92,1,12453.7,12488.3,10.6484,
872,12528.1,1,100,1,12535.9,12572.7,7.84668,
873,12532.4,2,101,1,12542.3,12583.2,9.85742,
874,12543.4,3,102,1,12553.7,12577.8,10.2168,
875,12545.4,4,102,1,12552.5,12571.1,7.11914,
876,12548.8,5,102,1,12556.1,12585.5,7.28809,
877,12549.5,6,102,1,12572.7,12601.6,23.1855,
878,12550.8,7,103,1,12571.1,12604.6,20.2568,
879,12564.8,8,104,1,12577.8,12617,12.9854,
880,12565.8,9,104,1,12583.2,12605,17.4307,
881,12577.4,8,105,1,12586.6,12620.6,9.15527,
882,12592.3,6,107,1,12603,12612.3,10.7607,
883,12592.6,7,107,1,12604.6,12643.7,11.9629,
884,12598.7,8,107,1,12609.7,12647,11.0947,
885,12600.1,9,108,1,12612.3,12650.4,12.2471,
886,12628.2,4,110,1,12639.6,12671.9,11.3184,
887,12630.4,5,111,1,12639.7,12676.5,9.38672,
888,12644.7,5,112,1,12656.5,12672.9,11.7793,
889,12657.3,4,113,1,12667.7,12694,10.4551,
890,12676.6,2,115,1,12685.3,12724.8,8.7002,
891,12745.2,1,122,1,12753.2,12774.4,7.9375,
892,12747.3,2,122,1,12756.8,12786.2,9.48633,
893,12756.6,3,123,1,12766.7,12802,10.0332,
894,12778.8,3,125,1,12790.3,12790.8,11.4873,
895,12783.1,4,126,1,12793.3,12825.6,10.2383,
896,12786.4,4,126,1,12796.9,12824.2,10.5107,
897,12798.3,4,127,1,12806.4,12843.7,8.09082,
898,12805,4,128,1,12824.2,12858.7,19.168,
899,12824.4,4,130,1,12835.6,12868,11.2129,
900,12829.8,4,130,1,12843.7,12884.4,13.877,
901,12837.6,5,131,1,12858.7,12879.8,21.085,
902,12849.5,5,132,1,12868,12875.2,18.4756,
903,12856.5,6,133,1,12875.2,12906.2,18.7051,
904,12859.5,6,133,1,12879.8,12907.4,20.2881,
905,12886,3,136,1,12895.7,12929.8,9.75098,
906,12900.1,4,138,1,12908.2,12948.7,8.07031,
907,12939.5,2,141,1,12949.9,12972.3,10.4639,
908,12952.6,2,143,1,12963,12978.4,10.3887,
909,12960.9,3,0,2,12972,13006.4,11.0869,
910,12964,4,0,2,12978.4,13003,14.3926,
911,13054.8,1,9,2,13066.6,13106.5,11.8291,
912,13106.1,2,14,2,13117.9,13149.1,11.7949,
913,13156.7,1,19,2,13167.6,13169.1,10.8545,
914,13248.7,1,28,2,13260.7,13303.4,11.9561,
915,13262,2,30,2,13303.4,13329,41.3809,
916,13267.7,3,30,2,13329,13363.8,61.3047,
917,13279.8,4,31,2,13363.8,13388.9,83.9902,
918,13291.6,5,33,2,13388.9,13430.6,97.3525,
919,13316.5,5,35,2,13415.2,13442.3,98.708,
920,13327.7,6,36,2,13430.6,13454.6,102.867,
921,13350.7,6,39,2,13442.3,13461.3,91.542,
922,13364.8,6,40,2,13454.6,13485.9,89.7969,
923,13369.2,7,40,2,13461.3,13492.1,92.0303,
924,13392.1,7,43,2,13485.9,13498.2,93.8047,
925,13403.1,8,44,2,13492.1,13504.3,89.0293,
926,13408.4,9,44,2,13498.2,13533.5,89.7412,
927,13419.8,10,45,2,13504.3,13522.8,84.5205,
928,13421.3,11,46,2,13522.8,13553.7,101.559,
929,13432.9,11,47,2,13533.5,13566.9,100.606,
930,13447.1,11,48,2,13553.7,13584.1,106.587,
931,13456.8,11,49,2,13566.4,13600.9,109.579,
932,13468.8,11,50,2,13566.9,13603,98.1572,
933,13470.1,12,51,2,13584.1,13618.9,113.957,
934,13484.5,13,52,2,13584.1,13585.4,99.5742,
935,13486.5,13,52,2,13585.4,13621.9,98.8691,
936,13487.5,14,52,2,13603,13642.3,115.513,
937,13488.6,15,52,2,13600.9,13642.3,112.352,
938,13497.7,15,53,2,13621.9,13664.1,124.236,
939,13501.1,15,54,2,13618.9,13634.5,117.873,
940,13504.8,15,54,2,13634.5,13656.2,129.716,
941,13520.4,16,56,2,13642.3,13681.4,121.924,
942,13528.5,16,56,2,13642.3,13671,113.823,
943,13537.8,16,57,2,13656.2,13697.4,118.431,
944,13542.2,17,58,2,13664.1,13704.3,121.894,
945,13566.4,17,60,2,13671,13677.5,104.564,
946,13578.7,17,61,2,13677.5,13712.4,98.8008,
947,13595.1,16,63,2,13681.4,13715.2,86.2979,
948,13620.3,14,66,2,13697.4,13714.6,77.0752,
949,13623.7,14,66,2,13704.3,13738.2,80.5859,
950,13628.8,15,66,2,13712.4,13727,83.6309,
951,13634.7,15,67,2,13714.6,13743.1,79.874,
952,13635.6,16,67,2,13715.2,13724.9,79.6523,
953,13649.3,15,68,2,13724.9,13754.2,75.5498,
954,13652,16,69,2,13727,13746.8,75.0225,
955,13654.5,17,69,2,13738.2,13779.8,83.6738,
956,13656.6,17,69,2,13746.8,13776.7,90.1729,
957,13657.5,18,69,2,13743.1,13769.7,85.6094,
958,13663.4,19,70,2,13754.2,13789.9,90.7881,
959,13671.1,18,71,2,13769.7,13766.7,98.6123,
960,13672.5,19,71,2,13766.7,13799.7,94.1777,
961,13675.6,20,71,2,13776.7,13807.4,101.058,
962,13691.5,19,73,2,13779.8,13810.6,88.3506,
963,13702.2,19,74,2,13789.9,13822.9,87.7285,
964,13704.4,19,74,2,13799.7,13829.2,95.2373,
965,13705.8,20,74,2,13810.6,13832.8,104.782,
966,13707,21,74,2,13807.4,13824.9,100.41,
967,13720.3,19,76,2,13824.9,13864.1,104.614,
968,13720.5,20,76,2,13822.9,13847.2,102.32,
969,13722.8,21,76,2,13829.2,13866.8,106.362,
970,13725.8,21,76,2,13832.8,13862.8,106.955,
971,13740.4,20,78,2,13832.8,13859.5,92.3438,
972,13743.9,20,78,2,13847.2,13873.5,103.252,
973,13749.9,20,78,2,13859.5,13899.5,109.606,
974,13752.3,21,79,2,13862.8,13870.6,110.579,
975,13757.9,21,79,2,13866.8,13904.2,108.865,
976,13758.5,22,79,2,13864.1,13887.6,105.66,
977,13769.4,23,80,2,13870.6,13901.1,101.139,
978,13774,22,81,2,13873.5,13904.7,99.458,
979,13782.7,21,82,2,13887.6,13912.6,104.872,
980,13790.5,21,83,2,13899.5,13926,108.98,
981,13810.3,20,85,2,13901.1,13929.6,90.752,
982,13836.1,16,87,2,13904.2,13937,68.0586,
983,13859.7,15,89,2,13904.7,13941.3,44.9668,
984,13873.8,11,91,2,13926,13948.6,52.2803,
985,13874,12,91,2,13912.6,13952.6,38.5732,
986,13880.4,13,92,2,13929.6,13963.6,49.1836,
987,13905.5,9,94,2,13937,13971.6,31.5029,
988,13931,7,97,2,13941.3,13970.6,10.2959,
989,13934,8,97,2,13948.6,13986.8,14.6094,
990,13941.9,7,98,2,13952.6,13985.2,10.7031,
991,13945,8,98,2,13963.6,13982.5,18.6797,
992,13968,6,100,2,13978.3,14007.3,10.3359,
993,13972.5,5,101,2,13983.4,14014.6,10.9355,
994,13992.1,3,103,2,14002.7,14023.9,10.6084,
995,14024.2,1,106,2,14032.4,14052,8.23047,
996,14044.7,2,108,2,14055.3,14079.4,10.6104,
997,14059.7,2,109,2,14070,14092.7,10.2939,
998,14069.1,3,110,2,14079,14110.5,9.90039,
999,14085.8,3,112,2,14095.4,14122.8,9.5459,
1000,14095.3,3,113,2,14105.5,14146.3,10.2402,
1001,14096.7,4,113,2,14107.7,14116.5,11.0342,
1002,14103.9,5,114,2,14113.4,14144.9,9.51953,
1003,14105.7,6,114,2,14117.2,14137.4,11.4922,
1004,14117.6,5,115,2,14127.5,14145.5,9.85156,
1005,14121.7,6,116,2,14137.4,14173.8,15.7393,
1006,14139.4,5,117,2,14151.1,14176,11.6523,
1007,14141.4,6,118,2,14151.3,14183.7,9.82324,
1008,14146.2,5,118,2,14157.5,14190.7,11.2988,
1009,14168.2,5,120,2,14179.7,14218.1,11.4883,
1010,14189.6,3,122,2,14199.2,14232.6,9.60254,
1011,14193.7,3,123,2,14203.2,14232.6,9.54395,
1012,14275.1,1,131,2,14285.6,14326.8,10.4619,
1013,14296.1,2,133,2,14303.6,14330.1,7.54785,
1014,14314.6,3,135,2,14327,14361.1,12.4404,
1015,14370.7,1,141,2,14382.3,14412.8,11.6387,
1016,14396.1,2,143,2,14407.6,14429.7,11.4844,
1017,14426.5,2,2,3,14436.7,14449.4,10.2734,
1018,14526.5,1,12,3,14535.6,14572.7,9.18945,
1019,14573.6,1,17,3,14584.5,14606.9,10.918,
1020,14634.4,1,23,3,14645.5,14670.8,11.1357,
1021,14641.6,2,24,3,14670.8,14705.3,29.2246,
1022,14662.4,3,26,3,14705.3,14739.8,42.8525,
1023,14673.7,3,27,3,14739.8,14769.5,66.04,
1024,14684,4,28,3,14769.5,14794,85.4346,
1025,14686.4,5,28,3,14794,14835.5,107.561,
1026,14729.2,5,32,3,14835.5,14865.8,106.345,
1027,14777.5,4,37,3,14850.4,14862.9,72.8633,
1028,14791.6,5,39,3,14862.9,14877.4,71.3154,
1029,14794.4,5,39,3,14865.8,14888.7,71.3945,
1030,14815.4,6,41,3,14877.4,14901.1,62.0215,
1031,14827.7,7,42,3,14888.7,14915.6,60.957,
1032,14850.4,7,45,3,14901.1,14918.8,50.7852,
1033,14872.2,6,47,3,14915.6,14938,43.3398,
1034,14884.4,6,48,3,14918.8,14956.6,34.4092,
1035,14889.1,6,48,3,14938,14962.5,48.9277,
1036,14934.4,4,53,3,14956.6,14971,22.1201,
1037,14942,4,54,3,14962.5,15002.7,20.5576,
1038,14953.8,5,55,3,14971,15000.5,17.1875,
1039,14962.5,5,56,3,15000.5,15028,37.9688,
1040,14963.2,5,56,3,15000.5,15040.1,37.2686,
1041,15001.8,4,60,3,15009.1,15023.8,7.36523,
1042,15009,4,60,3,15022.3,15043.5,13.2881,
1043,15012.2,5,61,3,15023.8,15048.6,11.5508,
1044,15016.8,6,61,3,15028,15048.7,11.2744,
1045,15019.4,7,61,3,15040.1,15079.4,20.6475,
1046,15024.9,7,62,3,15043.5,15071.2,18.54,
1047,15082.7,1,68,3,15093.8,15122.7,11.0996,
1048,15100.8,2,70,3,15112.5,15145.3,11.7705,
1049,15101.3,3,70,3,15110.4,15136.3,9.1377,
1050,15121.4,4,72,3,15130,15162.8,8.58008,
1051,15138.1,3,73,3,15148.5,15183.2,10.4229,
1052,15139.4,4,73,3,15149.5,15186.3,10.0381,
1053,15140.5,5,74,3,15152.5,15175.8,12.0654,
1054,15146.3,5,74,3,15162.8,15200.3,16.5166,
1055,15155.2,6,75,3,15175.8,15199.1,20.6553,
1056,15160.4,7,76,3,15183.2,15216.3,22.877,
1057,15164.8,7,76,3,15186.3,15204.1,21.5264,
1058,15188.1,5,78,3,15200.2,15230.9,12.1826,
1059,15200.3,5,80,3,15210.1,15240.8,9.87598,
1060,15201,5,80,3,15207.4,15236,6.40332,
1061,15204.1,6,80,3,15216.3,15245.5,12.2266,
1062,15227,5,82,3,15235,15271.4,7.99609,
1063,15240.9,3,84,3,15247.7,15272.2,6.80859,
1064,15256.5,3,85,3,15266.5,15300.9,9.94922,
1065,15309.7,1,90,3,15317.8,15342.2,8.0752,
1066,15314,2,91,3,15324.2,15350.9,10.1504,
1067,15331.3,3,93,3,15342.8,15366.1,11.4639,
1068,15392.7,1,99,3,15401.2,15420.8,8.4834,
1069,15398.1,2,99,3,15400.8,15433.3,2.70801,
1070,15427.9,2,102,3,15438.6,15478.3,10.7188,
1071,15448.6,2,104,3,15457.6,15480.7,9,
1072,15474.3,3,107,3,15486.6,15517.4,12.2998,
1073,15476.4,4,107,3,15487.7,15502.7,11.2422,
1074,15516.2,2,111,3,15528.2,15558.1,12.0264,
1075,15533.1,2,113,3,15540.5,15564.9,7.42188,
1076,15578.2,1,117,3,15586,15619.5,7.85742,
1077,15580.1,2,118,3,15590.3,15611.6,10.1455,
1078,15596.4,3,119,3,15605.3,15624.2,8.88965,
1079,15600.3,4,120,3,15609.4,15645.3,9.12891,
1080,15636,2,123,3,15644.6,15670.6,8.66699,
1081,15661,2,126,3,15670.4,15704.7,9.42188,
1082,15670.2,3,127,3,15679.7,15712,9.51172,
1083,15689.8,3,128,3,15702,15733.1,12.2354,
1084,15710.3,3,131,3,15720.4,15748.8,10.1855,
1085,15721.4,3,132,3,15729.7,15748.6,8.375,
1086,15736.7,3,133,3,15743.8,15770.3,7.1416,
1087,15758.4,2,135,3,15770.3,15802.7,11.8281,
1088,15793,2,139,3,15798.5,15836.7,5.50977,
1089,15873.4,1,3,4,15884.5,15915.5,11.0596,
1090,15886.9,2,4,4,15896.8,15912.3,9.89941,
1091,15968,1,12,4,15977.9,16001.4,9.87891,
1092,15978.4,2,13,4,16001.4,16031.8,22.9805,
1093,15989,3,14,4,16031.8,16073.3,42.8018,
1094,16016.5,3,17,4,16073.3,16105.7,56.7197,
1095,16093.5,2,25,4,16105.7,16113,12.1836,
1096,16114.1,1,27,4,16121.8,16145,7.70605,
1097,16154.7,1,31,4,16165.6,16197.3,10.8682,
1098,16168.8,2,32,4,16197.3,16227.5,28.5,
1099,16235.3,1,39,4,16245.8,16255.8,10.4863,
1100,16241.6,2,40,4,16255.8,16282.6,14.2119,
1101,16266.1,2,42,4,16282.6,16311,16.5674,
1102,16270.7,3,43,4,16303.9,16340.3,33.1201,
1103,16275.7,4,43,4,16311,16345.2,35.2812,
1104,16280.8,5,44,4,16340.3,16356.7,59.5469,
1105,16303.9,5,46,4,16345.2,16356.3,41.3623,
1106,16307.7,6,46,4,16356.3,16360.8,48.6172,
1107,16322.9,6,48,4,16356.7,16386.4,33.832,
1108,16325.1,7,48,4,16360.8,16402.4,35.7275,
1109,16347,6,50,4,16386.4,16419.9,39.4072,
1110,16351.6,7,51,4,16402.4,16412.2,50.7842,
1111,16356.6,7,51,4,16412.2,16442.7,55.5986,
1112,16387.3,5,54,4,16419.9,16449,32.6719,
1113,16393,6,55,4,16440.2,16474.4,47.1914,
1114,16415.9,5,57,4,16442.7,16472.3,26.7598,
1115,16417.1,6,57,4,16449,16467,31.8613,
1116,16424,6,58,4,16463,16492.3,39.002,
1117,16426.4,7,58,4,16467,16504.5,40.5469,
1118,16432.5,8,59,4,16472.3,16485.7,39.7969,
1119,16439.1,9,59,4,16474.4,16512.8,35.3066,
1120,16440.2,10,60,4,16485.7,16510.2,45.4551,
1121,16442.8,10,60,4,16492.3,16520.9,49.5195,
1122,16451.8,10,61,4,16504.5,16521.1,52.7188,
1123,16463.6,11,62,4,16510.2,16543.3,46.6953,
1124,16470.3,11,63,4,16512.8,16552.6,42.5117,
1125,16491.6,9,65,4,16520.9,16559.8,29.3223,
1126,16495,9,65,4,16521.1,16545.7,26.0508,
1127,16495.8,10,65,4,16543.3,16583,47.5117,
1128,16501.2,11,66,4,16545.7,16559,44.4082,
1129,16505.3,11,66,4,16552.6,16593,47.2754,
1130,16508.2,12,66,4,16583,16596,74.791,
1131,16508.5,13,66,4,16559,16591,50.4648,
1132,16508.5,14,66,4,16559.8,16593.1,51.293,
1133,16521.6,11,68,4,16591,16622.9,69.4023,
1134,16529.2,12,68,4,16596,16608.4,66.8066,
1135,16529.7,13,68,4,16593.1,16624.4,63.4434,
1136,16530.3,14,69,4,16593,16627.7,62.7715,
1137,16537.3,15,69,4,16608.4,16614.5,71.0996,
1138,16537.5,16,69,4,16622.9,16650,85.4375,
1139,16538.3,17,69,4,16614.5,16637.8,76.252,
1140,16546.3,16,70,4,16624.4,16660,78.1523,
1141,16555.8,16,71,4,16627.7,16655.9,71.9238,
1142,16574.4,15,73,4,16637.8,16659.6,63.4609,
1143,16588.8,15,74,4,16650,16676.8,61.2969,
1144,16598.8,12,75,4,16655.9,16673.7,57.1777,
1145,16618.4,11,77,4,16659.6,16698.9,41.2012,
1146,16619.7,12,77,4,16660,16681.4,40.3711,
1147,16649.1,9,80,4,16673.7,16690.1,24.6016,
1148,16654.5,9,81,4,16676.8,16700.5,22.2734,
1149,16657,9,81,4,16681.4,16712.9,24.3887,
1150,16661.9,8,82,4,16690.1,16724.6,28.1426,
1151,16668.6,9,82,4,16698.9,16720.3,30.3672,
1152,16673,10,83,4,16700.5,16729.1,27.4199,
1153,16687.1,8,84,4,16712.8,16746.5,25.6758,
1154,16694.1,8,85,4,16712.9,16745.7,18.7832,
1155,16701,7,86,4,16724.6,16756.4,23.6426,
1156,16701.5,8,86,4,16720.3,16747.9,18.7637,
1157,16714.4,8,87,4,16745.7,16783.1,31.3145,
1158,16716.5,9,87,4,16729.1,16743.9,12.6367,
1159,16716.8,10,87,4,16743.9,16775,27.0781,
1160,16734.8,8,89,4,16746.5,16774.8,11.7266,
1161,16750.2,5,91,4,16760.8,16793.3,10.627,
1162,16750.7,6,91,4,16759.2,16773.2,8.52734,
1163,16763.6,6,92,4,16775.6,16796.9,12.0215,
1164,16765.3,7,92,4,16775.4,16805.7,10.1367,
1165,16777.9,5,93,4,16784.4,16820.3,6.46289,
1166,16780.2,6,94,4,16791.1,16818.4,10.8984,
1167,16787.6,6,94,4,16796.9,16819.3,9.25391,
1168,16791.9,7,95,4,16801.7,16844.1,9.74805,
1169,16798.2,6,95,4,16805.7,16841.6,7.45703,
1170,16809.9,6,96,4,16818.7,16851.3,8.88672,
1171,16818.2,7,97,4,16829.1,16845.7,10.9258,
1172,16837.2,5,99,4,16846,16879.3,8.80273,
1173,16843,5,100,4,16853.5,16888.6,10.4766,
1174,16843.1,6,100,4,16853.1,16883.3,10.0371,
1175,16882.9,3,104,4,16889.2,16924.2,6.27148,
1176,16896.3,2,105,4,16906.3,16935.9,10.0742,
1177,16966.4,1,112,4,16976.2,16996.8,9.74023,
1178,16990.2,2,115,4,16998,17038,7.76562,
1179,16994,3,115,4,17004.3,17030.9,10.2793,
1180,16996.7,4,115,4,17006.4,17039.5,9.73242,
1181,17010.9,4,117,4,17018.1,17052.1,7.12891,
1182,17024.1,5,118,4,17033.4,17044.1,9.26953,
1183,17027.5,6,118,4,17038,17059.8,10.5254,
1184,17042.6,4,120,4,17047.8,17060.1,5.13672,
1185,17067.9,1,122,4,17073.7,17095.5,5.76953,
1186,17090.7,2,125,4,17102.4,17132,11.6797,
1187,17096.4,2,125,4,17105.1,17131.4,8.68555,
1188,17105.2,3,126,4,17115.7,17146.8,10.4277,
1189,17117.2,4,127,4,17131.4,17161.5,14.2246,
1190,17176.7,1,133,4,17186.8,17223.2,10.043,
1191,17221.7,2,138,4,17232.4,17266,10.6309,
1192,17240.2,2,140,4,17248.1,17281.5,7.91797,
1193,17240.4,3,140,4,17249.5,17282.5,9.16016,
1194,17247.2,4,140,4,17266,17283.6,18.7812,
1195,17269.9,4,142,4,17281.5,17310.3,11.5293,
1196,17270.9,5,143,4,17282.6,17307.5,11.7832,
1197,17323.9,1,4,5,17336.4,17373.1,12.4902,
1198,17409.6,1,12,5,17422.1,17442.1,12.4082,
1199,17465.5,1,18,5,17475.5,17496.6,9.97266,
1200,17482.5,2,20,5,17496.6,17534.9,14.1133,
1201,17509.9,2,22,5,17534.9,17569.7,25.0273,
1202,17510.7,3,23,5,17598.8,17635.4,88.1289,
1203,17511.5,4,23,5,17569.7,17598.8,58.1562,
1204,17521,5,24,5,17635.4,17657.5,114.436,
1205,17566.2,5,28,5,17657.5,17681.1,91.2969,
1206,17591.2,5,31,5,17681.1,17716,89.8633,
1207,17603,5,32,5,17716,17741.3,113.006,
1208,17611.7,6,33,5,17741.3,17765.4,129.643,
1209,17633.2,7,35,5,17741.3,17778,108.117,
1210,17649.5,7,36,5,17765.4,17805.3,115.914,
1211,17668.2,7,38,5,17805.3,17817.4,137.125,
1212,17668.6,8,38,5,17778,17807.7,109.422,
1213,17675.1,9,39,5,17807.7,17827,132.531,
1214,17689.9,9,40,5,17825.3,17866,135.352,
1215,17691.9,10,41,5,17817.4,17825.3,125.438,
1216,17697,11,41,5,17827,17848.6,129.945,
1217,17699,12,41,5,17848.6,17870.8,149.559,
1218,17778.5,9,49,5,17866,17906.2,87.498,
1219,17784.3,10,50,5,17870.8,17900.7,86.4277,
1220,17790.2,11,51,5,17885,17913.8,94.8086,
1221,17790.2,12,51,5,17900.7,17932.2,110.537,
1222,17792.8,13,51,5,17906.2,17930.8,113.438,
1223,17796.4,14,51,5,17900.7,17932,104.311,
1224,17798.4,15,51,5,17913.8,17952.5,115.348,
1225,17798.8,16,51,5,17930.8,17959.1,131.992,
1226,17823.9,14,54,5,17932,17951.1,108.02,
1227,17831.5,13,55,5,17932.2,17949.3,100.777,
1228,17840.7,14,56,5,17949.3,17970.1,108.514,
1229,17847.5,15,56,5,17951.1,17984.7,103.662,
1230,17866.2,14,58,5,17952.5,17982.3,86.3809,
1231,17867.1,15,58,5,17959.1,17995.6,91.9863,
1232,17874.6,15,59,5,17970.1,18003.9,95.4961,
1233,17878.5,16,59,5,17982.3,18010.7,103.732,
1234,17891.2,17,61,5,17984.7,18025,93.5508,
1235,17893.4,18,61,5,17995.6,18017.7,102.182,
1236,17899.3,19,61,5,18003.9,18017.1,104.668,
1237,17911.9,18,63,5,18010.7,18040.6,98.791,
1238,17913.9,18,63,5,18017.1,18050.5,103.172,
1239,17916.7,19,63,5,18017.7,18051.7,100.963,
1240,17920.1,20,64,5,18025,18066.2,104.93,
1241,17946.1,18,66,5,18040.6,18063.3,94.4199,
1242,17950.4,18,67,5,18051.7,18080.3,101.299,
1243,17951.5,18,67,5,18050.5,18075.6,98.9297,
1244,17958.9,18,67,5,18063.3,18086.3,104.377,
1245,17961.5,18,68,5,18075.6,18105.6,114.143,
1246,17961.8,19,68,5,18066.2,18096.3,104.432,
1247,17977.2,19,69,5,18080.3,18114.2,103.139,
1248,17983.4,19,70,5,18086.3,18123.3,102.859,
1249,17985,19,70,5,18096.3,18123.9,111.309,
1250,17987.9,20,70,5,18105.6,18135.5,117.689,
1251,18013.3,18,73,5,18114.2,18148.5,100.957,
1252,18019.7,17,73,5,18123.3,18144.6,103.648,
1253,18022.8,18,74,5,18123.9,18154.8,101.033,
1254,18033.8,18,75,5,18135.5,18159,101.727,
1255,18042.9,18,76,5,18144.6,18162.1,101.699,
1256,18076.5,14,79,5,18148.5,18180,71.9629,
1257,18093.1,13,81,5,18150.3,18186,57.2227,
1258,18098.3,13,81,5,18159,18200.7,60.6992,
1259,18098.5,14,81,5,18154.8,18184.3,56.2969,
1260,18102.1,15,82,5,18162.1,18197.6,60.0156,
1261,18110.4,15,83,5,18180,18205.9,69.5762,
1262,18111.8,16,83,5,18184.3,18207.8,72.5039,
1263,18140.1,13,86,5,18186,18204.5,45.9414,
1264,18140.2,14,86,5,18197.6,18206.6,57.3984,
1265,18147.5,14,86,5,18200.7,18214.2,53.2637,
1266,18151.2,14,87,5,18205.9,18225.6,54.7188,
1267,18154.5,15,87,5,18204.5,18226.7,49.9668,
1268,18155.9,15,87,5,18206.6,18230.7,50.707,
1269,18159.8,15,87,5,18207.8,18230.5,47.9688,
1270,18169.9,15,88,5,18214.2,18245,44.2949,
1271,18174.9,16,89,5,18225.6,18246.1,50.6914,
1272,18256.4,1,97,5,18268.5,18306.1,12.1035,
1273,18259.2,2,97,5,18267.4,18277.6,8.17969,
1274,18304.8,2,102,5,18313.9,18340.5,9.06055,
1275,18311.4,2,103,5,18320.2,18343.5,8.82812,
1276,18323.7,3,104,5,18333.5,18367.4,9.80273,
1277,18332.4,4,105,5,18343.7,18369,11.2559,
1278,18349.9,3,106,5,18358.4,18390.2,8.49414,
1279,18358.6,4,107,5,18369,18397.1,10.3105,
1280,18368.1,4,108,5,18378.1,18407.1,10.0137,
1281,18379.5,4,109,5,18390.4,18422.3,10.873,
1282,18424.9,1,114,5,18433,18471.8,8.0957,
1283,18428.9,2,114,5,18437.4,18453.2,8.50586,
1284,18438.7,3,115,5,18448.5,18480.5,9.76562,
1285,18445.2,4,116,5,18456.2,18491.2,11.041,
1286,18459.8,4,117,5,18467.9,18491.7,8.05078,
1287,18487.2,3,120,5,18496.5,18524.9,9.38867,
1288,18493.7,2,121,5,18504.9,18537.9,11.2891,
1289,18500.5,3,122,5,18511.1,18529.6,10.5254,
1290,18536.9,2,125,5,18546.9,18583.1,10.0195,
1291,18551.1,2,127,5,18560.3,18586.2,9.19922,
1292,18554.1,3,127,5,18565.3,18599.8,11.1582,
1293,18573.7,4,129,5,18583.1,18607.6,9.38867,
1294,18621.6,1,134,5,18631.9,18657.4,10.2324,
1295,18642.3,2,136,5,18652.1,18675.3,9.81445,
1296,18709.5,1,142,5,18719.5,18757.6,10.0449,
1297,18810.2,1,9,6,18820.6,18855.8,10.4023,
1298,18816.3,2,9,6,18824.7,18845.1,8.35742,
1299,18833.9,3,11,6,18845.1,18881.3,11.2031,
1300,18870.7,2,15,6,18881.3,18913,10.666,
1301,18885.5,2,16,6,18913,18933.4,27.4258,
1302,18962,1,24,6,18972.9,19002.8,10.9395,
1303,18969.2,2,24,6,19002.8,19036.1,33.6289,
1304,18973.5,3,25,6,19036.1,19069.6,62.6074,
1305,18984.6,4,26,6,19069.6,19107.8,84.9219,
1306,18990,5,26,6,19107.8,19143.3,117.811,
1307,19022.6,5,30,6,19143.3,19170,120.727,
1308,19046.1,5,32,6,19170,19203,123.83,
1309,19093.6,5,37,6,19203,19238,109.371,
1310,19110,5,39,6,19238,19272.1,127.969,
1311,19111.3,6,39,6,19203,19239.4,91.6816,
1312,19128.2,7,40,6,19239.4,19264.1,111.172,
1313,19133.4,8,41,6,19264.1,19239.5,130.727,
1314,19158.9,8,43,6,19239.5,19253,80.5605,
1315,19208.7,7,48,6,19253,19282.3,44.3652,
1316,19209.9,8,48,6,19272.1,19302.3,62.1895,
1317,19214,9,49,6,19282.3,19300.1,68.2168,
1318,19215.6,10,49,6,19300.1,19329,84.4395,
1319,19225.6,11,50,6,19302.3,19325.6,76.7168,
1320,19239.1,11,51,6,19325.6,19358.8,86.4531,
1321,19248.8,11,52,6,19325.6,19328.8,76.7344,
1322,19258.3,12,53,6,19328.8,19362.3,70.5,
1323,19264.6,10,54,6,19348.7,19376.6,84.1582,
1324,19267.9,11,54,6,19329,19360.2,61.1035,
1325,19299.2,10,57,6,19358.8,19392.7,59.6582,
1326,19305.3,9,58,6,19360.2,19372.9,54.8945,
1327,19338,7,61,6,19362.3,19397.7,24.2461,
1328,19349,8,62,6,19372.9,19408.1,23.8848,
1329,19354.8,9,63,6,19376.6,19393.1,21.7324,
1330,19358.6,10,63,6,19393.1,19424.1,34.4727,
1331,19361.3,9,64,6,19392.7,19416.2,31.4277,
1332,19363.9,9,64,6,19397.7,19434.6,33.7988,
1333,19366.6,10,64,6,19408.1,19434.9,41.4512,
1334,19368.2,11,64,6,19416.2,19451.9,47.9883,
1335,19398.9,7,67,6,19424.1,19442.2,25.2266,
1336,19403.3,8,68,6,19434.6,19468.3,31.2871,
1337,19418.3,7,69,6,19434.9,19474.5,16.6426,
1338,19426.5,7,70,6,19442.2,19470.4,15.6914,
1339,19427.2,8,70,6,19451.9,19486.6,24.7793,
1340,19435.3,7,71,6,19468.3,19498.7,32.9648,
1341,19450.4,7,73,6,19470.4,19496,20.0879,
1342,19453.9,7,73,6,19474.5,19493.1,20.6348,
1343,19456.7,8,73,6,19486.6,19502.6,29.8926,
1344,19458.5,9,73,6,19493.1,19508.6,34.5488,
1345,19464.9,10,74,6,19496,19515.8,31.0254,
1346,19482.8,8,76,6,19498.7,19512,15.8887,
1347,19485.1,9,76,6,19502.6,19534.8,17.4922,
1348,19515.4,3,79,6,19527.9,19535.6,12.4551,
1349,19533.9,3,81,6,19544,19580.4,10.1172,
1350,19541.2,2,82,6,19550.7,19583.6,9.46484,
1351,19543.1,3,82,6,19549.9,19571.2,6.82031,
1352,19553.7,4,83,6,19571.2,19590.4,17.4883,
1353,19554.8,5,83,6,19563.1,19599.8,8.39844,
1354,19559.3,6,83,6,19580.4,19621.8,21.0801,
1355,19563.5,7,84,6,19583.6,19601.1,20.1152,
1356,19571.3,7,85,6,19590.4,19614.3,19.0977,
1357,19576.7,8,85,6,19590.4,19615.6,13.6543,
1358,19587.3,7,86,6,19601.1,19625.4,13.7969,
1359,19589.4,8,86,6,19599.8,19620.6,10.4219,
1360,19591.8,8,87,6,19614.3,19638.4,22.4473,
1361,19605.6,7,88,6,19615.6,19655,9.92773,
1362,19608,8,88,6,19620.6,19651.3,12.5742,
1363,19615.5,8,89,6,19625.2,19641.9,9.73633,
1364,19617.5,8,89,6,19628.5,19666.7,10.9824,
1365,19643.5,4,92,6,19654.8,19697.2,11.2402,
1366,19644.1,5,92,6,19654.1,19685.9,10.0137,
1367,19648,6,92,6,19657.1,19682.1,9.10547,
1368,19672.1,4,95,6,19682.3,19722.5,10.248,
1369,19691.6,3,97,6,19702.7,19711.7,11.0781,
1370,19695.6,4,97,6,19704.9,19733,9.33789,
1371,19709.8,4,98,6,19717.8,19737.7,8.01953,
1372,19710.7,5,99,6,19720.5,19748.3,9.84375,
1373,19743.5,2,102,6,19755,19782.6,11.4258,
1374,19744.6,3,102,6,19754.2,19777.3,9.61133,
1375,19748,4,102,6,19758.3,19780.9,10.2715,
1376,19751.9,4,103,6,19761,19793.2,9.12305,
1377,19760.5,5,104,6,19767.5,19781.9,6.98242,
1378,19766.2,6,104,6,19780.9,19816.7,14.6797,
1379,19766.4,7,104,6,19777.3,19810.5,10.9199,
1380,19779.1,7,105,6,19785.6,19824.5,6.46484,
1381,19780.4,8,106,6,19788.2,19824.6,7.83203,
1382,19796.9,5,107,6,19807.6,19820.5,10.7246,
1383,19815.2,5,109,6,19825.7,19860.7,10.5254,
1384,19817.6,5,109,6,19826.7,19846,9.15039,
1385,19850.2,2,113,6,19862.4,19901.2,12.1797,
1386,19854.6,3,113,6,19864,19900.9,9.42578,
1387,19901.9,1,118,6,19908.2,19946.8,6.31445,
1388,19923.8,2,120,6,19933.9,19968.1,10.0469,
1389,19930.4,3,121,6,19940.4,19969.1,9.98047,
1390,19946.7,4,122,6,19958.6,19980.7,11.8301,
1391,19966.4,4,124,6,19974.7,20002.8,8.31641,
1392,19991.5,2,127,6,20001.6,20020.7,10.0762,
1393,20008.1,2,128,6,20017.7,20040,9.58984,
1394,20030.4,2,131,6,20039.3,20080.7,8.93164,
1395,20037.7,3,131,6,20047.6,20081.2,9.91406,
1396,20044.4,3,132,6,20053.1,20083.6,8.69727,
1397,20046.7,4,132,6,20080.7,20101.5,33.9668,
1398,20106,1,138,6,20110.8,20145.6,4.80078,
1399,20133.1,2,141,6,20143.3,20167.1,10.1934,
1400,20149.5,2,142,6,20158.5,20186,8.96875,
1401,20198.6,1,3,0,20207.3,20235.6,8.74609,
1402,20264.2,1,10,0,20273,20287.9,8.79883,
1403,20310.5,1,15,0,20320,20349.8,9.56055,
1404,20452.8,1,29,0,20461.8,20502,8.9375,
1405,20568.4,1,40,0,20578,20604.3,9.52734,
1406,20592,2,43,0,20604.3,20625.5,12.2539,
1407,20592.3,3,43,0,20610.3,20641.5,18.0527,
1408,20597.3,4,43,0,20625.5,20648.7,28.1934,
1409,20605.6,4,44,0,20641.5,20676.9,35.8926,
1410,20610.3,5,45,0,20648.7,20667.1,38.4043,
1411,20619,6,45,0,20667.1,20696.5,48.0957,
1412,20638,6,47,0,20676.9,20719.2,38.9258,
1413,20654.2,5,49,0,20696.5,20734.7,42.3281,
1414,20673.9,5,51,0,20719.2,20744.4,45.3574,
1415,20682,5,52,0,20734.7,20771.5,52.7871,
1416,20686.1,6,52,0,20744.4,20779.4,58.3535,
1417,20696.4,7,53,0,20762.7,20787.3,66.3301,
1418,20702.6,7,54,0,20779.4,20783.2,76.7773,
1419,20702.9,8,54,0,20771.5,20794.8,68.6777,
1420,20706.3,9,54,0,20783.2,20808.6,76.875,
1421,20715.5,10,55,0,20783.2,20802.9,67.625,
1422,20719.3,10,55,0,20787.3,20820.3,67.9941,
1423,20732.6,11,57,0,20794.8,20836.8,62.1895,
1424,20739,11,57,0,20802.9,20833.2,63.8457,
1425,20740.2,12,58,0,20808.6,20838.2,68.4355,
1426,20748.7,12,58,0,20821.8,20845.8,73.0684,
1427,20750.9,13,59,0,20820.3,20821.8,69.332,
1428,20753,14,59,0,20833.2,20868,80.2617,
1429,20764.6,15,60,0,20836.8,20864.6,72.2578,
1430,20786.2,13,62,0,20838.2,20867.6,52.0117,
1431,20791.3,13,63,0,20845.8,20860.7,54.459,
1432,20794.6,14,63,0,20864.6,20898.2,70.0273,
1433,20795,14,63,0,20867.6,20900.3,72.6074,
1434,20796,15,63,0,20860.7,20879.3,64.7266,
1435,20812.8,14,65,0,20868,20894.4,55.1582,
1436,20847.4,9,68,0,20879.3,20890.8,31.9473,
1437,20872.7,6,71,0,20890.8,20924.1,18.0605,
1438,20898.8,3,73,0,20909,20923.9,10.1699,
1439,20911.6,3,75,0,20921.4,20959.3,9.82031,
1440,20913.2,4,75,0,20921.9,20959.8,8.69922,
1441,20932.8,3,77,0,20942.7,20978.3,9.85938,
1442,20937.5,4,77,0,20948.5,20988.1,11.0195,
1443,20952.3,5,79,0,20964.2,20987.8,11.8418,
1444,20956.5,6,79,0,20965.4,20991.7,8.94727,
1445,20957,7,79,0,20978.3,21008.8,21.2793,
1446,20964.2,6,80,0,20987.8,20993,23.6113,
1447,20984.9,6,82,0,20989.7,21020.9,4.74805,
1448,20999.6,3,83,0,21010.5,21044.7,10.8223,
1449,21003.8,4,84,0,21015.4,21037.6,11.5566,
1450,21014.2,4,85,0,21021.7,21057.3,7.49805,
1451,21043.7,3,88,0,21054.8,21085.7,11.0898,
1452,21045.3,3,88,0,21055.6,21097.6,10.3125,
1453,21058.5,3,89,0,21068.2,21098,9.70703,
1454,21071.4,4,91,0,21078.6,21121.1,7.23828,
1455,21105.5,2,94,0,21114,21145.1,8.46094,
1456,21125,2,96,0,21133.8,21168,8.88086,
1457,21127.6,3,96,0,21139.2,21167.7,11.5273,
1458,21152,3,99,0,21160.2,21180,8.19336,
1459,21154.6,4,99,0,21164,21196.5,9.39844,
1460,21173.8,3,101,0,21185.2,21226.5,11.4004,
1461,21183.3,3,102,0,21192.8,21208.5,9.48242,
1462,21197.8,3,103,0,21209.2,21241.5,11.4531,
1463,21200.4,4,104,0,21210.4,21246.4,9.97656,
1464,21213.7,4,105,0,21223.6,21264.3,9.86719,
1465,21231.3,4,107,0,21242.1,21271.3,10.8359,
1466,21252.9,3,109,0,21261.1,21291.9,8.19141,
1467,21256.1,4,109,0,21266.2,21303.2,10.0684,
1468,21259,5,109,0,21268.3,21302.6,9.30078,
1469,21270.9,5,111,0,21281.4,21311.2,10.5254,
1470,21275.7,5,111,0,21291.9,21321.3,16.1484,
1471,21298.4,5,113,0,21310.5,21341.2,12.084,
1472,21309.3,4,114,0,21319.1,21339.1,9.76953,
1473,21319.8,4,115,0,21331.3,21373.2,11.5449,
1474,21371.5,2,121,0,21378.8,21418.4,7.38281,
1475,21403.8,2,124,0,21412.7,21441,8.95117,
1476,21416.2,3,125,0,21423.5,21459.8,7.25586,
1477,21426,3,126,0,21434.7,21457,8.69336,
1478,21515.4,1,135,0,21526.8,21567.9,11.416,
1479,21530.7,2,137,0,21538.7,21536.2,8,
1480,21576.9,1,141,0,21585.6,21594.8,8.71875,
1481,21611.3,1,1,1,21621.5,21654.3,10.207,
1482,21667.4,1,6,1,21675.7,21683.7,8.30469,
1483,21691.1,1,9,1,21700.9,21705.6,9.77734,
1484,21781.3,1,18,1,21789.9,21796.2,8.62891,
1485,21840.8,1,24,1,21852.7,21875,11.9219,
1486,21905.4,1,30,1,21912.8,21949.8,7.43945,
1487,21912.7,2,31,1,21949.8,21968.8,37.0527,
1488,21932,3,33,1,21968.8,22009,36.748,
1489,21948.5,4,34,1,22009,22042.2,60.4727,
1490,21949.2,5,34,1,22042.2,22059.7,92.9629,
1491,22013.8,3,41,1,22054.4,22086,40.5879,
1492,22032.3,4,43,1,22059.7,22078,27.4023,
1493,22044,4,44,1,22078,22112,33.9883,
1494,22045.3,5,44,1,22086,22114.4,40.7539,
1495,22046.1,6,44,1,22112,22137.4,65.8984,
1496,22057,7,45,1,22114.4,22145.4,57.4277,
1497,22063.7,7,46,1,22145.4,22174.5,81.7031,
1498,22067.1,8,46,1,22137.4,22165.1,70.3711,
1499,22085.2,8,48,1,22165.1,22193.3,79.9062,
1500,22090.3,8,49,1,22174.5,22198.2,84.2949,
1501,22100.4,9,50,1,22193.3,22218.2,92.918,
1502,22106.2,10,50,1,22210.7,22227.6,104.52,
1503,22108.8,11,50,1,22198.2,22223.9,89.4473,
1504,22113.1,11,51,1,22218.2,22258.7,105.096,
1505,22114.8,11,51,1,22222.5,22258.1,107.662,
1506,22116.6,12,51,1,22223.9,22259.5,107.254,
1507,22119.1,13,51,1,22227.6,22256.1,108.482,
1508,22128,14,52,1,22256.1,22286.8,128.178,
1509,22133.1,15,53,1,22258.1,22256,124.959,
1510,22167.1,13,56,1,22256,22293.6,88.8965,
1511,22167.6,14,56,1,22259.5,22302,91.9707,
1512,22168.5,15,56,1,22258.7,22290.1,90.2422,
1513,22210.7,13,61,1,22286.8,22309.2,76.0508,
1514,22219.4,13,61,1,22290.1,22331.2,70.7031,
1515,22255.5,12,65,1,22293.6,22321.7,38.1387,
1516,22257.9,12,65,1,22309.2,22342,51.2852,
1517,22259.6,9,65,1,22302,22337.8,42.3516,
1518,22261.7,10,66,1,22321.7,22364,59.9766,
1519,22274.9,11,67,1,22331.2,22358.6,56.293,
1520,22279.2,12,67,1,22337.8,22339.6,58.625,
1521,22295,10,69,1,22339.6,22366.5,44.6348,
1522,22295.3,11,69,1,22342,22374.9,46.7051,
1523,22295.4,12,69,1,22358.6,22373.7,63.1914,
1524,22298.6,13,69,1,22366.5,22389.4,67.8789,
1525,22299.5,14,69,1,22364,22386.8,64.4375,
1526,22310.6,13,71,1,22373.7,22395.8,63.0801,
1527,22331.1,13,73,1,22374.9,22388.7,43.8613,
1528,22343.2,10,74,1,22386.8,22402.4,43.6113,
1529,22343.9,11,74,1,22388.7,22398.7,44.7617,
1530,22345.1,12,74,1,22389.4,22409.6,44.3496,
1531,22355.3,13,75,1,22395.8,22405.6,40.5488,
1532,22356.5,14,75,1,22398.7,22421.8,42.1855,
1533,22362.9,14,76,1,22402.4,22437.8,39.5293,
1534,22367.3,13,76,1,22405.6,22426.4,38.3105,
1535,22382.5,12,78,1,22409.6,22428.1,27.0898,
1536,22393.8,10,79,1,22421.8,22430.7,28.0059,
1537,22394.6,11,79,1,22426.4,22459.3,31.7695,
1538,22418.2,7,81,1,22429.7,22461,11.5176,
1539,22424.3,7,82,1,22434.7,22455.5,10.3965,
1540,22425.8,8,82,1,22437.8,22478.1,12.0059,
1541,22426.1,9,82,1,22455.5,22483.7,29.4277,
1542,22471.9,3,87,1,22483.3,22514.4,11.334,
1543,22476.3,4,87,1,22484.5,22504.3,8.19531,
1544,22484.6,3,88,1,22495.8,22519.5,11.2012,
1545,22485.3,4,88,1,22495,22516.7,9.69531,
1546,22505.3,4,90,1,22516.8,22550.9,11.5488,
1547,22515.4,4,91,1,22526.9,22540.2,11.5039,
1548,22529.9,3,92,1,22536.4,22569,6.50977,
1549,22535,4,93,1,22541.7,22564.1,6.67969,
1550,22550.3,4,95,1,22561.7,22580,11.375,
1551,22552.9,4,95,1,22562.4,22598.4,9.52539,
1552,22555.7,5,95,1,22566,22602.5,10.3047,
1553,22577.6,4,97,1,22587.5,22620.4,9.89453,
1554,22578.2,5,97,1,22587.3,22621.1,9.12891,
1555,22580.2,5,98,1,22587.5,22618.6,7.32031,
1556,22583.4,6,98,1,22598.4,22623.7,15.002,
1557,22588,7,98,1,22602.5,22624.3,14.4824,
1558,22604.7,6,100,1,22618.6,22641.5,13.916,
1559,22625.9,2,102,1,22637,22655.1,11.0645,
1560,22637.4,3,103,1,22646.5,22676,9.09766,
1561,22638.8,4,103,1,22649.8,22688.1,11.0449,
1562,22645.9,4,104,1,22656,22685.2,10.0664,
1563,22650.1,5,105,1,22653.4,22664.1,3.33203,
1564,22687.6,2,108,1,22696.9,22716,9.2793,
1565,22732.3,1,113,1,22742,22777.4,9.65234,
1566,22777.6,1,117,1,22788.1,22814,10.4512,
1567,22788.7,2,118,1,22801,22841.8,12.3574,
1568,22795.5,3,119,1,22806.5,22831.9,10.9961,
1569,22796.3,4,119,1,22805.9,22822.9,9.55469,
1570,22804.9,5,120,1,22822.9,22849.1,17.9746,
1571,22826.2,4,122,1,22833.1,22849,6.9043,
1572,22861.7,1,126,1,22871.9,22894,10.1973,
1573,22864.5,2,126,1,22874.3,22899,9.86523,
1574,22870.6,3,127,1,22874.2,22917,3.58594,
1575,22871.5,4,127,1,22894,22915.6,22.5039,
1576,22880.4,5,128,1,22899,22926.4,18.6641,
1577,22911.6,4,131,1,22921.5,22964,9.89648,
1578,22924.2,3,132,1,22934.8,22975.7,10.5918,
1579,22926.4,4,132,1,22937.8,22970.5,11.3516,
1580,22939.3,4,133,1,22964,22985.3,24.7012,
1581,22970.3,4,137,1,22980.2,23009,9.94727,
1582,23021.3,1,142,1,23032,23071.9,10.7539,
1583,23022.5,2,142,1,23030.7,23069.4,8.17773,
1584,23085.3,1,4,2,23094.3,23123.1,8.95508,
1585,23099.8,2,5,2,23111.5,23137.8,11.6777,
1586,23120.3,3,8,2,23126,23149.5,5.71289,
1587,23185,1,14,2,23193.7,23225.9,8.74414,
1588,23204.1,2,16,2,23225.9,23255.2,21.7793,
1589,23268.5,1,22,2,23279.4,23292.9,10.8984,
1590,23360.1,1,32,2,23368.2,23400,8.13086,
1591,23362.4,2,32,2,23400,23438.8,37.6289,
1592,23371.7,3,33,2,23438.8,23475.1,67.0996,
1593,23375.7,4,33,2,23475.1,23489.4,99.3965,
1594,23397.2,5,35,2,23489.4,23526.2,92.1992,
1595,23397.5,6,35,2,23493,23522.1,95.5195,
1596,23398.3,7,35,2,23522.1,23542.3,123.727,
1597,23409.5,7,36,2,23526.2,23547.9,116.719,
1598,23410.6,8,37,2,23542.3,23567.3,131.688,
1599,23442.5,8,40,2,23547.9,23572.7,105.373,
1600,23449.7,9,40,2,23567.3,23599.8,117.625,
1601,23470.2,10,43,2,23572.7,23604,102.484,
1602,23479.8,10,43,2,23599.8,23614.1,119.992,
1603,23483.5,11,44,2,23604,23637.9,120.529,
1604,23486.4,12,44,2,23637.9,23676.1,151.512,
1605,23487.1,13,44,2,23614.1,23647.3,127.053,
1606,23498.2,13,45,2,23647.3,23656.7,149.078,
1607,23509.1,14,46,2,23647.3,23682,138.246,
1608,23515.3,15,47,2,23656.7,23686.2,141.379,
1609,23518.7,16,47,2,23662.2,23684.5,143.455,
1610,23543.2,14,50,2,23676.1,23707.5,132.891,
1611,23546.7,15,50,2,23682,23711,135.336,
1612,23570.8,14,53,2,23686.2,23701.5,115.406,
1613,23570.9,15,53,2,23684.5,23718.3,113.539,
1614,23599.5,15,55,2,23701.5,23730.5,101.979,
1615,23619,13,57,2,23707.5,23727.3,88.5215,
1616,23619,14,57,2,23711,23722.6,91.9355,
1617,23624.1,15,58,2,23722.6,23763.8,98.5234,
1618,23625,16,58,2,23727.3,23750.4,102.27,
1619,23626,17,58,2,23718.3,23754.6,92.2227,
1620,23629.8,18,58,2,23730.5,23759.5,100.76,
1621,23648.2,17,60,2,23754.6,23756.1,106.457,
1622,23648.7,18,60,2,23750.4,23781.8,101.619,
1623,23657,18,61,2,23756.1,23782.2,99.127,
1624,23660,19,61,2,23759.5,23780.9,99.5156,
1625,23662.2,20,62,2,23763.8,23784.5,101.65,
1626,23672.8,21,63,2,23780.9,23797.8,108.146,
1627,23692.3,18,65,2,23781.8,23806.8,89.5215,
1628,23699.1,19,65,2,23782.2,23811.3,83.1074,
1629,23700.4,20,66,2,23784.5,23797.6,84.0039,
1630,23717.1,18,67,2,23797.6,23810.4,80.4551,
1631,23726.8,17,68,2,23797.8,23815.8,70.9648,
1632,23746,16,70,2,23806.8,23836.5,60.8184,
1633,23749.9,17,70,2,23810.4,23839.7,60.4961,
1634,23758.9,15,71,2,23811.3,23839.8,52.4727,
1635,23767.6,14,72,2,23815.8,23829.2,48.1445,
1636,23769.6,15,72,2,23829.2,23821.1,59.6641,
1637,23774.4,16,73,2,23836.5,23868.7,62.1895,
1638,23774.8,17,73,2,23821.1,23861.6,46.3262,
1639,23788.8,14,74,2,23839.8,23864.4,50.9805,
1640,23792.2,15,75,2,23861.6,23893.1,69.4434,
1641,23793.6,16,75,2,23839.7,23865.6,46.1914,
1642,23800.8,15,76,2,23864.4,23893.2,63.5508,
1643,23807.5,15,76,2,23865.6,23891.1,58.1172,
1644,23813,14,77,2,23868.7,23880.6,55.6543,
1645,23814.6,15,77,2,23880.6,23894.9,66.0078,
1646,23823.3,15,78,2,23891.1,23930.7,67.793,
1647,23842.9,11,80,2,23893.1,23932.4,50.2344,
1648,23844.2,12,80,2,23893.2,23926.9,48.9941,
1649,23853.3,13,81,2,23894.9,23934.1,41.6191,
1650,23865.1,12,82,2,23911.2,23940.1,46.0879,
1651,23865.7,12,82,2,23926.9,23955.4,61.1855,
1652,23883.7,11,84,2,23932.4,23969,48.7109,
1653,23887,12,84,2,23930.7,23973.2,43.748,
1654,23894.9,10,85,2,23934.1,23963.8,39.1797,
1655,23911.2,10,87,2,23940.1,23976.5,28.918,
1656,23917.4,11,87,2,23955.4,23982.4,38.0039,
1657,23920.9,12,88,2,23963.8,23995.3,42.9727,
1658,23922.6,13,88,2,23973.2,24008.3,50.5996,
1659,23924.8,14,88,2,23969,23988.6,44.1445,
1660,23932.6,12,89,2,23976.5,23995.9,43.875,
1661,23934.9,12,89,2,23982.4,24013.1,47.5391,
1662,23966.8,10,92,2,23988.6,24011.5,21.7949,
1663,23983.8,7,94,2,23995.3,24015.8,11.5098,
1664,23992.8,7,95,2,24001.7,24020,8.85938,
1665,24026.7,1,98,2,0,0,-24026.7,
1666,24027.4,2,98,2,0,0,-24027.4,
