Customer,Time of arrival,Number of people at arrival,Number of people currently in queue at arrival,Which 10 min interval in day,Which day in week,Time of start of service,Departure time,Wait time
0,1.10306,1,0,0,0,1.10306,8.58781,0
1,2.61977,2,0,0,0,8.58781,10.6477,5.96804
2,4.47122,3,1,0,0,10.6477,17.7665,6.17645
3,4.80066,4,2,0,0,17.7665,19.5884,12.9659
4,7.86882,5,3,0,0,19.5884,33.8796,11.7196
5,37.5407,1,0,3,0,37.5407,43.3144,0
6,39.2098,2,0,3,0,43.3144,43.3641,4.10463
7,39.857,3,1,3,0,43.3641,48.0405,3.50713
8,42.7425,4,2,4,0,48.0405,58.5823,5.29803
9,43.5435,3,1,4,0,58.5823,70.6627,15.0388
10,72.1369,1,0,7,0,72.1369,83.2209,0
11,78.7004,2,0,7,0,83.2209,102.244,4.52052
12,83.3806,2,0,8,0,102.244,124.224,18.863
13,83.4512,3,1,8,0,124.224,128.6,40.7729
14,84.0724,4,2,8,0,128.6,140.898,44.5281
15,116.537,4,2,11,0,140.898,146.879,24.3617
16,116.698,5,3,11,0,146.879,157.512,30.1809
17,117.386,6,4,11,0,157.512,171.541,40.1263
18,117.697,7,5,11,0,171.541,173.989,53.8446
19,122.414,8,6,12,0,173.989,186.908,51.5751
20,124.868,8,6,12,0,186.908,191.876,62.0396
21,130.378,8,6,13,0,191.876,196.865,61.4978
22,132.384,9,7,13,0,196.865,199.429,64.4804
23,140.863,10,8,14,0,199.429,214.25,58.5668
24,141.747,10,8,14,0,214.25,218.015,72.5037
25,145.54,11,9,14,0,218.015,245.807,72.4756
26,150.405,11,9,15,0,245.807,253.691,95.4024
27,155.557,12,10,15,0,253.691,257.239,98.134
28,170.68,12,10,17,0,257.239,260.913,86.5594
29,175.887,11,9,17,0,260.913,263.527,85.0259
30,176.85,12,10,17,0,263.527,269.165,86.6761
31,190.881,12,10,19,0,269.165,280.41,78.2837
32,200.942,10,8,20,0,280.41,284.144,79.4673
33,204.678,11,9,20,0,284.144,286.055,79.4668
34,205.753,12,10,20,0,286.055,300.083,80.3015
35,213.171,13,11,21,0,300.083,311.912,86.9121
36,217.23,13,11,21,0,311.912,334.697,94.6813
37,225.81,13,11,22,0,334.697,351.326,108.887
38,231.632,14,12,23,0,351.326,352.324,119.694
39,269.26,9,7,26,0,352.324,355.076,83.064
40,275.897,10,8,27,0,355.076,363.003,79.179
41,292.291,8,6,29,0,363.003,390.386,70.7118
42,329.033,7,5,32,0,390.386,412.039,61.3535
43,337.35,7,5,33,0,412.039,421.321,74.6886
44,347.258,8,6,34,0,421.321,436.858,74.0636
45,347.337,9,7,34,0,436.858,451.939,89.5204
46,352.776,8,6,35,0,451.939,482.025,99.1631
47,355.099,8,6,35,0,482.025,492.176,126.927
48,357.895,9,7,35,0,492.176,500.994,134.281
49,381.295,9,7,38,0,500.994,509.544,119.7
50,387.726,10,8,38,0,509.544,519.118,121.818
51,394.898,10,8,39,0,519.118,521.583,124.22
52,396.042,11,9,39,0,521.583,527.934,125.541
53,402.925,12,10,40,0,527.934,544.174,125.009
54,406.108,13,11,40,0,544.174,555.982,138.066
55,409.594,14,12,40,0,555.982,558.41,146.388
56,425.567,13,11,42,0,558.41,566.683,132.843
57,430.465,14,12,43,0,566.683,575.951,136.219
58,431.634,15,13,43,0,575.951,592.984,144.317
59,439.125,15,13,43,0,592.984,605.222,153.86
60,441.462,16,14,44,0,605.222,620.476,163.76
61,444.675,17,15,44,0,620.476,638.143,175.801
62,454.837,17,15,45,0,638.143,640.278,183.306
63,457.008,18,16,45,0,640.278,669.29,183.269
64,460.808,19,17,46,0,669.29,676.379,208.482
65,471.327,20,18,47,0,676.379,700.21,205.051
66,471.448,21,19,47,0,700.21,708.156,228.761
67,475.408,22,20,47,0,708.156,722.419,232.747
68,477.757,23,21,47,0,722.419,730.128,244.663
69,478.349,24,22,47,0,730.128,742.151,251.779
70,485.445,24,22,48,0,742.151,747.316,256.706
71,491.574,25,23,49,0,747.316,748.113,255.742
72,522.392,21,19,52,0,748.113,751.101,225.721
73,532.109,21,19,53,0,751.101,758.096,218.992
74,543.783,22,20,54,0,758.096,767.847,214.313
75,544.721,22,20,54,0,767.847,774.761,223.126
76,547.544,23,21,54,0,774.761,780.914,227.217
77,566.777,21,19,56,0,780.914,796.154,214.137
78,588.323,21,19,58,0,796.154,798.541,207.83
79,611.025,20,18,61,0,798.541,815.913,187.516
80,612.623,21,19,61,0,815.913,820.589,203.29
81,613.323,22,20,61,0,820.589,822.04,207.266
82,618.444,23,21,61,0,822.04,822.469,203.596
83,620.207,24,22,62,0,822.469,844.311,202.262
84,625.689,24,22,62,0,844.311,851.978,218.622
85,628.297,25,23,62,0,851.978,868.698,223.681
86,629.543,26,24,62,0,868.698,870.295,239.155
87,633.183,27,25,63,0,870.295,870.603,237.112
88,652.177,26,24,65,0,870.603,881.133,218.426
89,655.987,27,25,65,0,881.133,885.797,225.146
90,665.266,28,26,66,0,885.797,887.524,220.531
91,666.102,29,27,66,0,887.524,893.118,221.421
92,680.227,28,26,68,0,893.118,902.57,212.891
93,687.256,29,27,68,0,902.57,930.409,215.315
94,693.461,30,28,69,0,930.409,930.859,236.947
95,699.405,31,29,69,0,930.859,956.188,231.454
96,729.964,29,27,72,0,956.188,969.851,226.224
97,730.295,29,27,73,0,969.851,974.143,239.556
98,732.558,30,28,73,0,974.143,1015.01,241.585
99,770.982,25,23,77,0,1015.01,1035.98,244.033
100,811.448,22,20,81,0,1035.98,1044.62,224.535
101,819.483,22,20,81,0,1044.62,1047.21,225.139
102,830.371,20,18,83,0,1047.21,1056.59,216.835
103,853.64,19,17,85,0,1056.59,1064.11,202.952
104,859.513,20,18,85,0,1064.11,1070.66,204.6
105,859.947,21,19,85,0,1070.66,1072.34,210.717
106,863.071,22,20,86,0,1072.34,1089.79,209.272
107,868.465,23,21,86,0,1089.79,1124.49,221.326
108,874.205,21,19,87,0,1124.49,1146.41,250.284
109,885.503,21,19,88,0,1146.41,1159.94,260.907
110,891.941,20,18,89,0,1159.94,1164.95,267.995
111,904.245,19,17,90,0,1164.95,1166.06,260.707
112,906.071,20,18,90,0,1166.06,1170.88,259.987
113,911.722,21,19,91,0,1170.88,1184.75,259.159
114,914.534,22,20,91,0,1184.75,1185.06,270.215
115,914.589,23,21,91,0,1185.06,1189.5,270.467
116,923.91,24,22,92,0,1189.5,1203.7,265.585
117,925.03,25,23,92,0,1203.7,1223.31,278.673
118,933.277,24,22,93,0,1223.31,1257.17,290.035
119,944.676,25,23,94,0,1257.17,1266.38,312.494
120,945.08,26,24,94,0,1266.38,1283.45,321.298
121,957.957,26,24,95,0,1283.45,1290.19,325.497
122,963.386,27,25,96,0,1290.19,1292.33,326.805
123,970.185,27,25,97,0,1292.33,1292.84,322.147
124,976.804,27,25,97,0,1292.84,1293.91,316.036
125,990.303,28,26,99,0,1293.91,1301.59,303.604
126,991.485,29,27,99,0,1301.59,1303.78,310.104
127,992.155,30,28,99,0,1303.78,1320.54,311.625
128,1006.84,31,29,100,0,1320.54,1326.63,313.708
129,1018.11,31,29,101,0,1326.63,1330.14,308.522
130,1019.24,32,30,101,0,1330.14,1338.61,310.893
131,1022.4,33,31,102,0,1338.61,1355.9,316.211
132,1075.17,27,25,107,0,1355.9,1373.25,280.736
133,1078.98,28,26,107,0,1373.25,1408.61,294.276
134,1092.89,28,26,109,0,1408.61,1409.48,315.715
135,1093.64,29,27,109,0,1409.48,1411.34,315.846
136,1109.45,30,28,110,0,1411.34,1419.25,301.887
137,1128.02,30,28,112,0,1419.25,1433.32,291.225
138,1149.58,30,28,114,0,1433.32,1450.33,283.744
139,1156.27,31,29,115,0,1450.33,1480.61,294.06
140,1160.62,31,29,116,0,1480.61,1491.84,319.995
141,1178.98,29,27,117,0,1491.84,1503.81,312.864
142,1180.81,30,28,118,0,1503.81,1511.47,322.999
143,1184.51,31,29,118,0,1511.47,1544.96,326.965
144,1190.54,29,27,119,0,1544.96,1550.47,354.422
145,1193.95,30,28,119,0,1550.47,1554.12,356.527
146,1196.25,31,29,119,0,1554.12,1562.32,357.869
147,1198.28,32,30,119,0,1562.32,1566.37,364.039
148,1204.28,32,30,120,0,1566.37,1567.95,362.093
149,1214.15,33,31,121,0,1567.95,1577.19,353.794
150,1262.81,32,30,126,0,1577.19,1578.28,314.376
151,1266.57,32,30,126,0,1578.28,1590.58,311.717
152,1271.8,33,31,127,0,1590.58,1607.89,318.775
153,1277.12,34,32,127,0,1607.89,1618.15,330.775
154,1285.27,34,32,128,0,1618.15,1637.45,332.887
155,1289.01,35,33,128,0,1637.45,1659.33,348.437
156,1295.58,32,30,129,0,1659.33,1677.72,363.754
157,1318.01,31,29,131,0,1677.72,1687.55,359.714
158,1325.82,31,29,132,0,1687.55,1694.82,361.729
159,1327.46,31,29,132,0,1694.82,1714,367.354
160,1331.11,31,29,133,0,1714,1720.25,382.886
161,1362.94,30,28,136,0,1720.25,1728.04,357.317
162,1364.74,31,29,136,0,1728.04,1729.21,363.303
163,1368.04,32,30,136,0,1729.21,1743.68,361.171
164,1376.07,32,30,137,0,1743.68,1756.1,367.616
165,1379.32,33,31,137,0,1756.1,1766.17,376.787
166,1386.71,34,32,138,0,1766.17,1772.81,379.457
167,1391.98,35,33,139,0,1772.81,1782.89,380.825
168,1404.54,36,34,140,0,1782.89,1801.29,378.342
169,1408.66,36,34,140,0,1801.29,1815.36,392.636
170,1411.46,35,33,141,0,1815.36,1826.76,403.901
171,1422.35,35,33,142,0,1826.76,1830.46,404.406
172,1429.66,36,34,142,0,1830.46,1842.96,400.798
173,1441.98,36,34,0,1,1842.96,1845.02,400.981
174,1442.81,37,35,0,1,1845.02,1851.91,402.218
175,1452.69,37,35,1,1,1851.91,1853.15,399.222
176,1473.54,38,36,3,1,1853.15,1856.03,379.61
177,1476.98,39,37,3,1,1856.03,1874.17,379.054
178,1479.9,40,38,3,1,1874.17,1876.36,394.276
179,1480.91,40,38,4,1,1876.36,1887.31,395.449
180,1491.93,40,38,5,1,1887.31,1894.64,395.381
181,1498.67,41,39,5,1,1894.64,1919.25,395.97
182,1504.85,41,39,6,1,1919.25,1948.45,414.398
183,1519.78,41,39,7,1,1948.45,1954.27,428.671
184,1520.83,42,40,8,1,1954.27,1961.77,433.436
185,1534.49,43,41,9,1,1961.77,1966.08,427.281
186,1537.42,44,42,9,1,1966.08,1972.04,428.662
187,1549.4,44,42,10,1,1972.04,1990.5,422.642
188,1550.55,44,42,11,1,1990.5,2006.09,439.95
189,1554.28,44,42,11,1,2006.09,2017.52,451.804
190,1557.45,45,43,11,1,2017.52,2029.42,460.067
191,1577.42,42,40,13,1,2029.42,2039.99,452.005
192,1597.57,41,39,15,1,2039.99,2050.97,442.428
193,1613.99,41,39,17,1,2050.97,2057.28,436.982
194,1615.55,42,40,17,1,2057.28,2085.08,441.724
195,1617.26,43,41,17,1,2085.08,2095.85,467.82
196,1627.37,43,41,18,1,2095.85,2114.02,468.478
197,1627.38,44,42,18,1,2114.02,2122.88,486.645
198,1630.94,45,43,19,1,2122.88,2124.77,491.934
199,1635.21,46,44,19,1,2124.77,2127.89,489.557
200,1641.4,46,44,20,1,2127.89,2148.78,486.491
201,1643.94,47,45,20,1,2148.78,2151.28,504.841
202,1649.62,48,46,20,1,2151.28,2152.24,501.662
203,1649.88,49,47,20,1,2152.24,2155.02,502.353
204,1650.92,50,48,21,1,2155.02,2171.86,504.103
205,1670.47,50,48,23,1,2171.86,2173.98,501.395
206,1675.41,51,49,23,1,2173.98,2187.6,498.573
207,1675.91,52,50,23,1,2187.6,2198.79,511.69
208,1676.46,53,51,23,1,2198.79,2215.15,522.328
209,1698.77,51,49,25,1,2215.15,2230.43,516.383
210,1713.77,52,50,27,1,2230.43,2242.36,516.66
211,1719.67,52,50,27,1,2242.36,2244.2,522.685
212,1741.54,50,48,30,1,2244.2,2249.99,502.666
213,1744.54,50,48,30,1,2249.99,2261.97,505.444
214,1771.18,49,47,33,1,2261.97,2269.29,490.786
215,1783.79,48,46,34,1,2269.29,2270.17,485.502
216,1785.9,49,47,34,1,2270.17,2278.65,484.271
217,1787.16,50,48,34,1,2278.65,2305.05,491.496
218,1796.65,51,49,35,1,2305.05,2317.82,508.4
219,1802.97,51,49,36,1,2317.82,2317.84,514.849
220,1813.8,52,50,37,1,2317.84,2319.7,504.041
221,1823.77,52,50,38,1,2319.7,2345.8,495.927
222,1830.26,52,50,39,1,2345.8,2362.19,515.54
223,1839.58,52,50,39,1,2362.19,2369.68,522.612
224,1840.91,53,51,40,1,2369.68,2383.24,528.771
225,1843.28,53,51,40,1,2383.24,2392.36,539.96
226,1843.5,54,52,40,1,2392.36,2395.49,548.865
227,1844.59,55,53,40,1,2395.49,2402.17,550.907
228,1853.7,53,51,41,1,2402.17,2424.37,548.47
229,1858.79,53,51,41,1,2424.37,2433.01,565.575
230,1864.53,54,52,42,1,2433.01,2436.24,568.48
231,1866,55,53,42,1,2436.24,2436.33,570.242
232,1877.71,54,52,43,1,2436.33,2436.63,558.626
233,1884.14,55,53,44,1,2436.63,2438.84,552.489
234,1894.2,55,53,45,1,2438.84,2444.78,544.644
235,1910.33,55,53,47,1,2444.78,2474,534.457
236,1911.68,56,54,47,1,2474,2478.76,562.319
237,1915.93,57,55,47,1,2478.76,2486.02,562.825
238,1923.52,57,55,48,1,2486.02,2533.75,562.506
239,1925,58,56,48,1,2533.75,2537.64,608.752
240,1927.33,59,57,48,1,2537.64,2543.07,610.308
241,1932.97,60,58,49,1,2543.07,2550.67,610.101
242,1937.11,61,59,49,1,2550.67,2555.46,613.564
243,1937.21,62,60,49,1,2555.46,2555.77,618.252
244,1938.98,63,61,49,1,2555.77,2562.17,616.794
245,1946.29,64,62,50,1,2562.17,2565.87,615.879
246,1948.82,64,62,50,1,2565.87,2573.71,617.056
247,1956.93,64,62,51,1,2573.71,2581.68,616.776
248,1957.55,65,63,51,1,2581.68,2584.06,624.126
249,1958.33,66,64,51,1,2584.06,2605.37,625.728
250,1964.03,66,64,52,1,2605.37,2626.31,641.343
251,1971.22,66,64,53,1,2626.31,2634.23,655.096
252,1985.91,66,64,54,1,2634.23,2638.18,648.326
253,1987.16,67,65,54,1,2638.18,2639.39,651.018
254,1987.17,68,66,54,1,2639.39,2669.22,652.226
255,1991.43,68,66,55,1,2669.22,2673.92,677.79
256,2001.5,69,67,56,1,2673.92,2677.49,672.422
257,2022.81,68,66,58,1,2677.49,2681.89,654.686
258,2023.59,69,67,58,1,2681.89,2695.41,658.302
259,2024.33,70,68,58,1,2695.41,2698.18,671.084
260,2026.84,71,69,58,1,2698.18,2717.48,671.344
261,2027.29,72,70,58,1,2717.48,2720.01,690.191
262,2029.77,72,70,58,1,2720.01,2729.34,690.234
263,2036.68,73,71,59,1,2729.34,2736.17,692.657
264,2047.58,73,71,60,1,2736.17,2737.95,688.582
265,2062.83,72,70,62,1,2737.95,2753.48,675.121
266,2064.61,73,71,62,1,2753.48,2764.15,688.867
267,2065.16,74,72,62,1,2764.15,2814.04,698.988
268,2068.8,75,73,62,1,2814.04,2814.42,745.241
269,2071.47,76,74,63,1,2814.42,2820.93,742.951
270,2072.89,77,75,63,1,2820.93,2833.28,748.044
271,2104.05,76,74,66,1,2833.28,2853.67,729.23
272,2107.05,77,75,66,1,2853.67,2856.49,746.619
273,2111.39,78,76,67,1,2856.49,2870.19,745.094
274,2119.33,78,76,67,1,2870.19,2885.94,750.853
275,2123.68,78,76,68,1,2885.94,2888.69,762.263
276,2126.16,78,76,68,1,2888.69,2899.72,762.534
277,2126.54,79,77,68,1,2899.72,2901.09,773.185
278,2153.05,76,74,71,1,2901.09,2931.96,748.044
279,2154.84,77,75,71,1,2931.96,2936.93,777.118
280,2158.04,77,75,71,1,2936.93,2938.19,778.892
281,2173.46,77,75,73,1,2938.19,2942.78,764.736
282,2177.3,77,75,73,1,2942.78,2950.54,765.488
283,2182.94,78,76,74,1,2950.54,2951.38,767.602
284,2186.11,79,77,74,1,2951.38,2956.41,765.27
285,2212.73,78,76,77,1,2956.41,2979.47,743.682
286,2214.97,79,77,77,1,2979.47,2985.17,764.502
287,2228.73,79,77,78,1,2985.17,2995.58,756.441
288,2247.96,77,75,80,1,2995.58,2998.22,747.619
289,2250.64,77,75,81,1,2998.22,3004.17,747.576
290,2265.24,77,75,82,1,3004.17,3016.3,738.931
291,2297.9,75,73,85,1,3016.3,3018.13,718.402
292,2320.7,72,70,88,1,3018.13,3029.79,697.433
293,2323.91,73,71,88,1,3029.79,3044.01,705.879
294,2345.99,73,71,90,1,3044.01,3078.85,698.022
295,2351.19,74,72,91,1,3078.85,3088.71,727.666
296,2354.22,75,73,91,1,3088.71,3104.99,734.488
297,2359.19,76,74,91,1,3104.99,3117.82,745.795
298,2359.74,77,75,91,1,3117.82,3122.12,758.087
299,2369.72,76,74,92,1,3122.12,3153.84,752.398
300,2375.02,77,75,93,1,3153.84,3154.18,778.819
301,2385.62,77,75,94,1,3154.18,3200.56,768.556
302,2387.98,78,76,94,1,3200.56,3220.73,812.582
303,2395.93,77,75,95,1,3220.73,3234.11,824.8
304,2396.23,78,76,95,1,3234.11,3247.86,837.888
305,2401.72,79,77,96,1,3247.86,3259.86,846.14
306,2402.34,79,77,96,1,3259.86,3271.2,857.516
307,2402.39,80,78,96,1,3271.2,3300.48,868.807
308,2402.86,81,79,96,1,3300.48,3322.63,897.623
309,2428.77,81,79,98,1,3322.63,3334.79,893.858
310,2428.81,82,80,98,1,3334.79,3345.48,905.982
311,2446.51,77,75,100,1,3345.48,3386.56,898.963
312,2470.82,78,76,103,1,3386.56,3389.63,915.743
313,2490.61,76,74,105,1,3389.63,3410.05,899.027
314,2490.99,77,75,105,1,3410.05,3427.49,919.058
315,2512.8,78,76,107,1,3427.49,3434.74,914.692
316,2521.92,79,77,108,1,3434.74,3442.81,912.816
317,2528.24,80,78,108,1,3442.81,3448.97,914.57
318,2536.74,80,78,109,1,3448.97,3460.81,912.233
319,2554.4,78,76,111,1,3460.81,3472.08,906.416
320,2557.88,77,75,111,1,3472.08,3479.72,914.197
321,2560.21,78,76,112,1,3479.72,3513.26,919.518
322,2560.39,79,77,112,1,3513.26,3515.96,952.866
323,2564.93,79,77,112,1,3515.96,3520.44,951.034
324,2570.62,79,77,113,1,3520.44,3538.21,949.816
325,2571.62,80,78,113,1,3538.21,3542.42,966.596
326,2582.9,79,77,114,1,3542.42,3548.68,959.517
327,2604.72,79,77,116,1,3548.68,3557.01,943.962
328,2605.52,79,77,116,1,3557.01,3560.26,951.492
329,2617.53,80,78,117,1,3560.26,3572.66,942.728
330,2621.41,81,79,118,1,3572.66,3573.99,951.254
331,2624.14,82,80,118,1,3573.99,3575.71,949.851
332,2635.94,81,79,119,1,3575.71,3611.66,939.775
333,2640.76,80,78,120,1,3611.66,3622.38,970.898
334,2651.61,81,79,121,1,3622.38,3623.13,970.773
335,2683.58,78,76,124,1,3623.13,3628.82,939.55
336,2685.6,79,77,124,1,3628.82,3629.01,943.221
337,2694.58,80,78,125,1,3629.01,3638.31,934.424
338,2694.67,81,79,125,1,3638.31,3656.75,943.645
339,2696.97,81,79,125,1,3656.75,3683.34,959.785
340,2698.99,81,79,125,1,3683.34,3688.93,984.354
341,2707.22,82,80,126,1,3688.93,3694.62,981.718
342,2710.75,83,81,127,1,3694.62,3710.33,983.865
343,2717.82,83,81,127,1,3710.33,3711.29,992.515
344,2723.77,83,81,128,1,3711.29,3718.55,987.525
345,2724.13,84,82,128,1,3718.55,3720.66,994.42
346,2732.61,84,82,129,1,3720.66,3729.67,988.05
347,2747.46,83,81,130,1,3729.67,3742.04,982.211
348,2754.82,83,81,131,1,3742.04,3762.23,987.22
349,2755.08,84,82,131,1,3762.23,3764.12,1007.15
350,2756.1,85,83,131,1,3764.12,3779.61,1008.02
351,2764.88,85,83,132,1,3779.61,3781.19,1014.73
352,2784.45,86,84,134,1,3781.19,3794.91,996.741
353,2792.6,87,85,135,1,3794.91,3810.15,1002.3
354,2795.06,88,86,135,1,3810.15,3824.04,1015.09
355,2796.14,89,87,135,1,3824.04,3843.01,1027.9
356,2826.37,87,85,138,1,3843.01,3853.98,1016.64
357,2826.63,88,86,138,1,3853.98,3856.07,1027.35
358,2835.77,88,86,139,1,3856.07,3858.78,1020.29
359,2838.17,89,87,139,1,3858.78,3860.83,1020.6
360,2843.99,90,88,140,1,3860.83,3875.38,1016.84
361,2849.53,91,89,140,1,3875.38,3877.1,1025.85
362,2858.62,90,88,141,1,3877.1,3882.26,1018.48
363,2860.81,91,89,142,1,3882.26,3904.69,1021.44
364,2871.19,91,89,143,1,3904.69,3927.04,1033.5
365,2901.64,88,86,2,2,3927.04,3932.28,1025.4
366,2903.74,89,87,2,2,3932.28,3938.54,1028.54
367,2912.83,90,88,3,2,3938.54,3939.53,1025.71
368,2912.83,91,89,3,2,3939.53,3942,1026.7
369,2916.51,92,90,3,2,3942,3966.06,1025.5
370,2920.09,93,91,4,2,3966.06,3970.7,1045.96
371,2973.28,87,85,9,2,3970.7,3978.87,997.423
372,2983.14,87,85,10,2,3978.87,3986.87,995.735
373,2989.95,87,85,10,2,3986.87,3998.34,996.912
374,2998.12,87,85,11,2,3998.34,4000.6,1000.22
375,2999.2,87,85,11,2,4000.6,4013.31,1001.41
376,3002.35,88,86,12,2,4013.31,4023.85,1010.96
377,3018.77,86,84,13,2,4023.85,4033.81,1005.08
378,3026.13,87,85,14,2,4033.81,4041.52,1007.68
379,3028.65,88,86,14,2,4041.52,4080.09,1012.87
380,3030.86,88,86,15,2,4080.09,4084.15,1049.24
381,3033,89,87,15,2,4084.15,4108.5,1051.16
382,3038.69,90,88,15,2,4108.5,4114.37,1069.8
383,3042.75,91,89,16,2,4114.37,4128.95,1071.62
384,3044.9,91,89,16,2,4128.95,4141.75,1084.05
385,3060.25,92,90,18,2,4141.75,4144.51,1081.49
386,3062.38,93,91,18,2,4144.51,4167.25,1082.14
387,3064.8,94,92,18,2,4167.25,4182.64,1102.45
388,3089.32,93,91,20,2,4182.64,4191.11,1093.31
389,3089.36,94,92,20,2,4191.11,4191.14,1101.75
390,3109.37,94,92,22,2,4191.14,4191.99,1081.77
391,3119.44,94,92,23,2,4191.99,4194.57,1072.55
392,3121.92,95,93,24,2,4194.57,4209.3,1072.66
393,3124.78,95,93,24,2,4209.3,4210.23,1084.52
394,3129.45,96,94,24,2,4210.23,4224.09,1080.78
395,3134.27,97,95,25,2,4224.09,4228.91,1089.82
396,3137.18,98,96,25,2,4228.91,4230.5,1091.73
397,3152.99,99,97,27,2,4230.5,4231.47,1077.5
398,3156.18,98,96,27,2,4231.47,4250.39,1075.29
399,3156.39,99,97,27,2,4250.39,4267.24,1094
400,3164.31,100,98,28,2,4267.24,4272.06,1102.93
401,3166.77,101,99,28,2,4272.06,4280.46,1105.29
402,3169.29,102,100,28,2,4280.46,4283.69,1111.16
403,3172.78,103,101,29,2,4283.69,4298.69,1110.91
404,3179.02,104,102,29,2,4298.69,4315.49,1119.67
405,3195.32,105,103,31,2,4315.49,4319.59,1120.17
406,3210.19,105,103,33,2,4319.59,4332.35,1109.41
407,3224.92,105,103,34,2,4332.35,4335.45,1107.43
408,3225.9,106,104,34,2,4335.45,4348.72,1109.56
409,3227,107,105,34,2,4348.72,4350.7,1121.73
410,3234.76,107,105,35,2,4350.7,4353.83,1115.94
411,3259.23,107,105,37,2,4353.83,4369.19,1094.61
412,3266.51,107,105,38,2,4369.19,4373.94,1102.67
413,3270.08,108,106,39,2,4373.94,4379.8,1103.87
414,3291.52,108,106,41,2,4379.8,4397.33,1088.28
415,3302.1,108,106,42,2,4397.33,4403.15,1095.23
416,3306.13,109,107,42,2,4403.15,4428.77,1097.02
417,3308.12,110,108,42,2,4428.77,4434.58,1120.66
418,3309.97,111,109,42,2,4434.58,4448.42,1124.61
419,3312.46,112,110,43,2,4448.42,4456.48,1135.96
420,3319.76,113,111,43,2,4456.48,4459.28,1136.72
421,3321.83,114,112,44,2,4459.28,4460.72,1137.45
422,3324.26,114,112,44,2,4460.72,4478.4,1136.46
423,3346.91,113,111,46,2,4478.4,4508.57,1131.5
424,3349.68,114,112,46,2,4508.57,4523.12,1158.89
425,3351.17,115,113,47,2,4523.12,4524.04,1171.96
426,3366.69,116,114,48,2,4524.04,4530.75,1157.36
427,3368.07,117,115,48,2,4530.75,4537.77,1162.68
428,3368.53,118,116,48,2,4537.77,4540.34,1169.24
429,3377.67,119,117,49,2,4540.34,4545.57,1162.67
430,3396.54,118,116,51,2,4545.57,4546.29,1149.02
431,3402.37,119,117,52,2,4546.29,4569.86,1143.92
432,3424.61,119,117,54,2,4569.86,4581.02,1145.25
433,3426.33,120,118,54,2,4581.02,4584.95,1154.69
434,3432.3,120,118,55,2,4584.95,4586.01,1152.64
435,3439.63,120,118,55,2,4586.01,4623.22,1146.39
436,3443.22,120,118,56,2,4623.22,0,1180
437,3446.59,121,119,56,2,0,0,-3446.59
438,3461.83,120,118,58,2,0,0,-3461.83
439,3463.05,121,119,58,2,0,0,-3463.05
440,3465.41,122,120,58,2,0,0,-3465.41
441,3484.72,121,119,60,2,0,0,-3484.72
442,3499.18,122,120,61,2,0,0,-3499.18
443,3499.83,123,121,61,2,0,0,-3499.83
444,3527.08,121,119,64,2,0,0,-3527.08
445,3530.27,122,120,65,2,0,0,-3530.27
446,3533.36,123,121,65,2,0,0,-3533.36
447,3538.7,123,121,65,2,0,0,-3538.7
448,3544.79,123,121,66,2,0,0,-3544.79
449,3559.38,122,120,67,2,0,0,-3559.38
450,3559.91,123,121,67,2,0,0,-3559.91
451,3560.48,123,121,68,2,0,0,-3560.48
452,3569.82,124,122,68,2,0,0,-3569.82
453,3576.03,122,120,69,2,0,0,-3576.03
454,3601.16,123,121,72,2,0,0,-3601.16
455,3612.54,123,121,73,2,0,0,-3612.54
456,3613.38,124,122,73,2,0,0,-3613.38
457,3613.91,125,123,73,2,0,0,-3613.91
458,3619.11,126,124,73,2,0,0,-3619.11
459,3625.62,125,123,74,2,0,0,-3625.62
460,3634.33,124,122,75,2,0,0,-3634.33
461,3689.11,121,119,80,2,0,0,-3689.11
462,3690.72,122,120,81,2,0,0,-3690.72
463,3714.99,120,118,83,2,0,0,-3714.99
464,3779.12,115,113,89,2,0,0,-3779.12
465,3816.01,112,110,93,2,0,0,-3816.01
466,3830.45,112,110,95,2,0,0,-3830.45
467,3832.38,113,111,95,2,0,0,-3832.38
468,3836.42,114,112,95,2,0,0,-3836.42
469,3854.64,113,111,97,2,0,0,-3854.64
470,3874.11,111,109,99,2,0,0,-3874.11
471,3874.95,112,110,99,2,0,0,-3874.95
472,3879.86,111,109,99,2,0,0,-3879.86
473,3884,111,109,100,2,0,0,-3884
474,3887.54,112,110,100,2,0,0,-3887.54
475,3907.4,112,110,102,2,0,0,-3907.4
476,3913.04,113,111,103,2,0,0,-3913.04
477,3917.23,114,112,103,2,0,0,-3917.23
478,3923.24,115,113,104,2,0,0,-3923.24
479,3926.92,116,114,104,2,0,0,-3926.92
480,3933.21,115,113,105,2,0,0,-3933.21
481,3941.97,114,112,106,2,0,0,-3941.97
482,3945.75,114,112,106,2,0,0,-3945.75
483,3945.85,115,113,106,2,0,0,-3945.85
484,3954.16,116,114,107,2,0,0,-3954.16
485,3957.16,117,115,107,2,0,0,-3957.16
486,3976.96,116,114,109,2,0,0,-3976.96
487,3990.3,115,113,111,2,0,0,-3990.3
488,3996.25,116,114,111,2,0,0,-3996.25
489,4003.1,115,113,112,2,0,0,-4003.1
490,4030.25,114,112,115,2,0,0,-4030.25
491,4033.33,115,113,115,2,0,0,-4033.33
492,4038.5,115,113,115,2,0,0,-4038.5
493,4059.25,115,113,117,2,0,0,-4059.25
494,4059.62,116,114,117,2,0,0,-4059.62
495,4062.41,117,115,118,2,0,0,-4062.41
496,4068.41,118,116,118,2,0,0,-4068.41
497,4071.89,119,117,119,2,0,0,-4071.89
498,4082.07,119,117,120,2,0,0,-4082.07
499,4086.45,119,117,120,2,0,0,-4086.45
500,4095.26,120,118,121,2,0,0,-4095.26
501,4098.55,121,119,121,2,0,0,-4098.55
502,4120.71,120,118,124,2,0,0,-4120.71
503,4135.25,120,118,125,2,0,0,-4135.25
504,4137.16,121,119,125,2,0,0,-4137.16
505,4145.2,120,118,126,2,0,0,-4145.2
506,4147.02,121,119,126,2,0,0,-4147.02
507,4159.61,122,120,127,2,0,0,-4159.61
508,4159.98,123,121,127,2,0,0,-4159.98
509,4182.18,123,121,130,2,0,0,-4182.18
510,4190.11,123,121,131,2,0,0,-4190.11
511,4191.06,124,122,131,2,0,0,-4191.06
512,4192.45,122,120,131,2,0,0,-4192.45
513,4192.84,123,121,131,2,0,0,-4192.84
514,4196.3,123,121,131,2,0,0,-4196.3
515,4200.54,124,122,132,2,0,0,-4200.54
516,4201.57,125,123,132,2,0,0,-4201.57
517,4201.74,126,124,132,2,0,0,-4201.74
518,4224.1,124,122,134,2,0,0,-4224.1
519,4280.18,119,117,140,2,0,0,-4280.18
520,4325.79,115,113,0,3,0,0,-4325.79
521,4331.73,116,114,1,3,0,0,-4331.73
522,4355.63,112,110,3,3,0,0,-4355.63
523,4358.13,113,111,3,3,0,0,-4358.13
524,4360.23,114,112,4,3,0,0,-4360.23
525,4361.44,115,113,4,3,0,0,-4361.44
526,4361.87,116,114,4,3,0,0,-4361.87
527,4371.68,116,114,5,3,0,0,-4371.68
528,4372.3,117,115,5,3,0,0,-4372.3
529,4380.29,116,114,6,3,0,0,-4380.29
530,4421.49,115,113,10,3,0,0,-4421.49
531,4421.87,116,114,10,3,0,0,-4421.87
532,4423.53,117,115,10,3,0,0,-4423.53
533,4433.26,117,115,11,3,0,0,-4433.26
534,4443.24,117,115,12,3,0,0,-4443.24
535,4449.73,117,115,12,3,0,0,-4449.73
536,4454.95,118,116,13,3,0,0,-4454.95
537,4471.48,116,114,15,3,0,0,-4471.48
538,4474.98,117,115,15,3,0,0,-4474.98
539,4487.59,117,115,16,3,0,0,-4487.59
540,4494.43,118,116,17,3,0,0,-4494.43
541,4500.49,119,117,18,3,0,0,-4500.49
542,4502.58,120,118,18,3,0,0,-4502.58
543,4520.24,120,118,20,3,0,0,-4520.24
544,4522.99,121,119,20,3,0,0,-4522.99
545,4530.01,120,118,21,3,0,0,-4530.01
546,4532.34,120,118,21,3,0,0,-4532.34
547,4534.21,121,119,21,3,0,0,-4534.21
548,4536.44,122,120,21,3,0,0,-4536.44
549,4549.86,119,117,22,3,0,0,-4549.86
550,4559.35,120,118,23,3,0,0,-4559.35
551,4571.18,120,118,25,3,0,0,-4571.18
552,4573.79,121,119,25,3,0,0,-4573.79
553,4576.07,122,120,25,3,0,0,-4576.07
554,4577.23,123,121,25,3,0,0,-4577.23
555,4578.7,124,122,25,3,0,0,-4578.7
556,4583.23,124,122,26,3,0,0,-4583.23
557,4583.39,125,123,26,3,0,0,-4583.39
558,4600.68,124,122,28,3,0,0,-4600.68
559,4605.54,125,123,28,3,0,0,-4605.54
560,4613.12,126,124,29,3,0,0,-4613.12
561,4615.04,127,125,29,3,0,0,-4615.04
562,4618.45,128,126,29,3,0,0,-4618.45
563,4621.88,129,127,30,3,0,0,-4621.88